location,date,vaccine,total_vaccinations
Chile,12/24/2020,Pfizer/BioNTech,420
Chile,12/25/2020,Pfizer/BioNTech,5198
Chile,12/26/2020,Pfizer/BioNTech,8338
Chile,12/27/2020,Pfizer/BioNTech,8649
Chile,12/28/2020,Pfizer/BioNTech,8649
Chile,12/29/2020,Pfizer/BioNTech,8649
Chile,12/30/2020,Pfizer/BioNTech,8649
Chile,12/31/2020,Pfizer/BioNTech,8649
Chile,1/1/2021,Pfizer/BioNTech,8649
Chile,1/2/2021,Pfizer/BioNTech,8649
Chile,1/3/2021,Pfizer/BioNTech,8649
Chile,1/4/2021,Pfizer/BioNTech,9054
Chile,1/5/2021,Pfizer/BioNTech,10497
Chile,1/6/2021,Pfizer/BioNTech,10702
Chile,1/7/2021,Pfizer/BioNTech,10702
Chile,1/8/2021,Pfizer/BioNTech,10702
Chile,1/9/2021,Pfizer/BioNTech,10702
Chile,1/10/2021,Pfizer/BioNTech,10702
Chile,1/11/2021,Pfizer/BioNTech,10702
Chile,1/12/2021,Pfizer/BioNTech,10702
Chile,1/13/2021,Pfizer/BioNTech,11732
Chile,1/14/2021,Pfizer/BioNTech,18646
Chile,1/15/2021,Pfizer/BioNTech,22077
Chile,1/16/2021,Pfizer/BioNTech,22167
Chile,1/17/2021,Pfizer/BioNTech,22167
Chile,1/18/2021,Pfizer/BioNTech,33212
Chile,1/19/2021,Pfizer/BioNTech,52569
Chile,1/20/2021,Pfizer/BioNTech,61878
Chile,1/21/2021,Pfizer/BioNTech,64939
Chile,1/22/2021,Pfizer/BioNTech,65351
Chile,1/23/2021,Pfizer/BioNTech,65351
Chile,1/24/2021,Pfizer/BioNTech,65351
Chile,1/25/2021,Pfizer/BioNTech,66771
Chile,1/26/2021,Pfizer/BioNTech,67387
Chile,1/27/2021,Pfizer/BioNTech,67422
Chile,1/28/2021,Pfizer/BioNTech,67422
Chile,1/29/2021,Pfizer/BioNTech,67427
Chile,1/30/2021,Pfizer/BioNTech,67428
Chile,1/31/2021,Pfizer/BioNTech,67428
Chile,2/1/2021,Pfizer/BioNTech,67428
Chile,2/2/2021,Pfizer/BioNTech,67434
Chile,2/2/2021,Sinovac,13191
Chile,2/3/2021,Pfizer/BioNTech,67434
Chile,2/3/2021,Sinovac,183549
Chile,2/4/2021,Pfizer/BioNTech,69562
Chile,2/4/2021,Sinovac,357556
Chile,2/5/2021,Pfizer/BioNTech,70250
Chile,2/5/2021,Sinovac,526218
Chile,2/6/2021,Pfizer/BioNTech,70255
Chile,2/6/2021,Sinovac,554069
Chile,2/7/2021,Pfizer/BioNTech,70256
Chile,2/7/2021,Sinovac,562706
Chile,2/8/2021,Pfizer/BioNTech,82046
Chile,2/8/2021,Sinovac,784114
Chile,2/9/2021,Pfizer/BioNTech,101500
Chile,2/9/2021,Sinovac,1026489
Chile,2/10/2021,Pfizer/BioNTech,109934
Chile,2/10/2021,Sinovac,1298871
Chile,2/11/2021,Pfizer/BioNTech,113003
Chile,2/11/2021,Sinovac,1549907
Chile,2/12/2021,Pfizer/BioNTech,113357
Chile,2/12/2021,Sinovac,1778986
Chile,2/13/2021,Pfizer/BioNTech,113391
Chile,2/13/2021,Sinovac,1808491
Chile,2/14/2021,Pfizer/BioNTech,113391
Chile,2/14/2021,Sinovac,1812956
Chile,2/15/2021,Pfizer/BioNTech,113392
Chile,2/15/2021,Sinovac,2078792
Chile,2/16/2021,Pfizer/BioNTech,113402
Chile,2/16/2021,Sinovac,2298771
Chile,2/17/2021,Pfizer/BioNTech,113402
Chile,2/17/2021,Sinovac,2486794
Chile,2/18/2021,Pfizer/BioNTech,113403
Chile,2/18/2021,Sinovac,2642036
Chile,2/19/2021,Pfizer/BioNTech,113403
Chile,2/19/2021,Sinovac,2784146
Chile,2/20/2021,Pfizer/BioNTech,113403
Chile,2/20/2021,Sinovac,2793785
Chile,2/21/2021,Pfizer/BioNTech,113403
Chile,2/21/2021,Sinovac,2794949
Chile,2/22/2021,Pfizer/BioNTech,125499
Chile,2/22/2021,Sinovac,2890983
Chile,2/23/2021,Pfizer/BioNTech,150347
Chile,2/23/2021,Sinovac,2960389
Chile,2/24/2021,Pfizer/BioNTech,178870
Chile,2/24/2021,Sinovac,3018062
Chile,2/25/2021,Pfizer/BioNTech,212585
Chile,2/25/2021,Sinovac,3070417
Chile,2/26/2021,Pfizer/BioNTech,242318
Chile,2/26/2021,Sinovac,3118909
Chile,2/27/2021,Pfizer/BioNTech,248642
Chile,2/27/2021,Sinovac,3122628
Chile,2/28/2021,Pfizer/BioNTech,248644
Chile,2/28/2021,Sinovac,3122981
Chile,3/1/2021,Pfizer/BioNTech,263548
Chile,3/1/2021,Sinovac,3245612
Chile,3/2/2021,Pfizer/BioNTech,294470
Chile,3/2/2021,Sinovac,3386044
Chile,3/3/2021,Pfizer/BioNTech,313027
Chile,3/3/2021,Sinovac,3679258
Chile,3/4/2021,Pfizer/BioNTech,322133
Chile,3/4/2021,Sinovac,3980557
Chile,3/5/2021,Pfizer/BioNTech,327887
Chile,3/5/2021,Sinovac,4272482
Chile,3/6/2021,Pfizer/BioNTech,328231
Chile,3/6/2021,Sinovac,4305897
Chile,3/7/2021,Pfizer/BioNTech,328337
Chile,3/7/2021,Sinovac,4313747
Chile,3/8/2021,Pfizer/BioNTech,340926
Chile,3/8/2021,Sinovac,4651569
Chile,3/9/2021,Pfizer/BioNTech,378518
Chile,3/9/2021,Sinovac,4990310
Chile,3/10/2021,Pfizer/BioNTech,420128
Chile,3/10/2021,Sinovac,5349827
Chile,3/11/2021,Pfizer/BioNTech,465820
Chile,3/11/2021,Sinovac,5720839
Chile,3/12/2021,Pfizer/BioNTech,483223
Chile,3/12/2021,Sinovac,6077567
Chile,3/13/2021,Pfizer/BioNTech,483777
Chile,3/13/2021,Sinovac,6127416
Chile,3/14/2021,Pfizer/BioNTech,483777
Chile,3/14/2021,Sinovac,6133992
Chile,3/15/2021,Pfizer/BioNTech,507668
Chile,3/15/2021,Sinovac,6540087
Chile,3/16/2021,Pfizer/BioNTech,561180
Chile,3/16/2021,Sinovac,6896402
Chile,3/17/2021,Pfizer/BioNTech,616687
Chile,3/17/2021,Sinovac,7207824
Chile,3/18/2021,Pfizer/BioNTech,666241
Chile,3/18/2021,Sinovac,7492962
Chile,3/19/2021,Pfizer/BioNTech,689399
Chile,3/19/2021,Sinovac,7764091
Chile,3/20/2021,Pfizer/BioNTech,691316
Chile,3/20/2021,Sinovac,7796349
Chile,3/21/2021,Pfizer/BioNTech,691326
Chile,3/21/2021,Sinovac,7800490
Chile,3/22/2021,Pfizer/BioNTech,727390
Chile,3/22/2021,Sinovac,8032652
Chile,3/23/2021,Pfizer/BioNTech,787250
Chile,3/23/2021,Sinovac,8213264
Chile,3/24/2021,Pfizer/BioNTech,840112
Chile,3/24/2021,Sinovac,8378874
Chile,3/25/2021,Pfizer/BioNTech,894691
Chile,3/25/2021,Sinovac,8536657
Chile,3/26/2021,Pfizer/BioNTech,932672
Chile,3/26/2021,Sinovac,8715307
Chile,3/27/2021,Pfizer/BioNTech,934700
Chile,3/27/2021,Sinovac,8728910
Chile,3/28/2021,Pfizer/BioNTech,934700
Chile,3/28/2021,Sinovac,8730298
Chile,3/29/2021,Pfizer/BioNTech,956713
Chile,3/29/2021,Sinovac,8974702
Chile,3/30/2021,Pfizer/BioNTech,1014157
Chile,3/30/2021,Sinovac,9195500
Chile,3/31/2021,Pfizer/BioNTech,1060287
Chile,3/31/2021,Sinovac,9428953
Chile,4/1/2021,Pfizer/BioNTech,1084049
Chile,4/1/2021,Sinovac,9707615
Chile,4/2/2021,Pfizer/BioNTech,1084268
Chile,4/2/2021,Sinovac,9714397
Chile,4/3/2021,Pfizer/BioNTech,1084458
Chile,4/3/2021,Sinovac,9717413
Chile,4/4/2021,Pfizer/BioNTech,1084458
Chile,4/4/2021,Sinovac,9718524
Chile,4/5/2021,Pfizer/BioNTech,1115398
Chile,4/5/2021,Sinovac,9971566
Chile,4/6/2021,Pfizer/BioNTech,1198125
Chile,4/6/2021,Sinovac,10128236
Chile,4/7/2021,Pfizer/BioNTech,1287189
Chile,4/7/2021,Sinovac,10271728
Chile,4/8/2021,Pfizer/BioNTech,1365155
Chile,4/8/2021,Sinovac,10432097
Chile,4/9/2021,Pfizer/BioNTech,1414049
Chile,4/9/2021,Sinovac,10600968
Chile,4/10/2021,Pfizer/BioNTech,1421752
Chile,4/10/2021,Sinovac,10619124
Chile,4/11/2021,Pfizer/BioNTech,1422256
Chile,4/11/2021,Sinovac,10621066
Chile,4/12/2021,Pfizer/BioNTech,1486883
Chile,4/12/2021,Sinovac,10792449
Chile,4/13/2021,Pfizer/BioNTech,1574465
Chile,4/13/2021,Sinovac,10938270
Chile,4/14/2021,Pfizer/BioNTech,1662703
Chile,4/14/2021,Sinovac,11076635
Chile,4/15/2021,Pfizer/BioNTech,1727268
Chile,4/15/2021,Sinovac,11207014
Czechia,12/27/2020,Pfizer/BioNTech,1250
Czechia,12/28/2020,Pfizer/BioNTech,3544
Czechia,12/29/2020,Pfizer/BioNTech,6987
Czechia,12/30/2020,Pfizer/BioNTech,10454
Czechia,12/31/2020,Pfizer/BioNTech,11759
Czechia,1/1/2021,Pfizer/BioNTech,12019
Czechia,1/2/2021,Pfizer/BioNTech,13268
Czechia,1/3/2021,Pfizer/BioNTech,14181
Czechia,1/4/2021,Pfizer/BioNTech,17747
Czechia,1/5/2021,Pfizer/BioNTech,22239
Czechia,1/6/2021,Pfizer/BioNTech,28051
Czechia,1/7/2021,Pfizer/BioNTech,36002
Czechia,1/8/2021,Pfizer/BioNTech,45925
Czechia,1/9/2021,Pfizer/BioNTech,47933
Czechia,1/10/2021,Pfizer/BioNTech,49656
Czechia,1/11/2021,Pfizer/BioNTech,59433
Czechia,1/12/2021,Pfizer/BioNTech,72782
Czechia,1/13/2021,Pfizer/BioNTech,86248
Czechia,1/14/2021,Moderna,1224
Czechia,1/14/2021,Pfizer/BioNTech,100185
Czechia,1/15/2021,Moderna,1981
Czechia,1/15/2021,Pfizer/BioNTech,113346
Czechia,1/16/2021,Moderna,2307
Czechia,1/16/2021,Pfizer/BioNTech,116393
Czechia,1/17/2021,Moderna,2396
Czechia,1/17/2021,Pfizer/BioNTech,119528
Czechia,1/18/2021,Moderna,2573
Czechia,1/18/2021,Pfizer/BioNTech,133528
Czechia,1/19/2021,Moderna,3347
Czechia,1/19/2021,Pfizer/BioNTech,147885
Czechia,1/20/2021,Moderna,4924
Czechia,1/20/2021,Pfizer/BioNTech,162461
Czechia,1/21/2021,Moderna,5880
Czechia,1/21/2021,Pfizer/BioNTech,178757
Czechia,1/22/2021,Moderna,6075
Czechia,1/22/2021,Pfizer/BioNTech,194321
Czechia,1/23/2021,Moderna,6115
Czechia,1/23/2021,Pfizer/BioNTech,198413
Czechia,1/24/2021,Moderna,6239
Czechia,1/24/2021,Pfizer/BioNTech,201389
Czechia,1/25/2021,Moderna,6436
Czechia,1/25/2021,Pfizer/BioNTech,213729
Czechia,1/26/2021,Moderna,6709
Czechia,1/26/2021,Pfizer/BioNTech,227888
Czechia,1/27/2021,Moderna,7009
Czechia,1/27/2021,Pfizer/BioNTech,241042
Czechia,1/28/2021,Moderna,7128
Czechia,1/28/2021,Pfizer/BioNTech,254029
Czechia,1/29/2021,Moderna,7279
Czechia,1/29/2021,Pfizer/BioNTech,267835
Czechia,1/30/2021,Moderna,7281
Czechia,1/30/2021,Pfizer/BioNTech,269629
Czechia,1/31/2021,Pfizer/BioNTech,271470
Czechia,2/1/2021,Moderna,7534
Czechia,2/1/2021,Pfizer/BioNTech,283012
Czechia,2/2/2021,Moderna,7861
Czechia,2/2/2021,Pfizer/BioNTech,296950
Czechia,2/3/2021,Moderna,8587
Czechia,2/3/2021,Pfizer/BioNTech,311543
Czechia,2/4/2021,Moderna,9722
Czechia,2/4/2021,Pfizer/BioNTech,328169
Czechia,2/5/2021,Moderna,10907
Czechia,2/5/2021,Pfizer/BioNTech,343002
Czechia,2/6/2021,Moderna,11163
Czechia,2/6/2021,Pfizer/BioNTech,345907
Czechia,2/7/2021,Moderna,11426
Czechia,2/7/2021,Pfizer/BioNTech,348956
Czechia,2/8/2021,Moderna,12331
Czechia,2/8/2021,Pfizer/BioNTech,363375
Czechia,2/9/2021,Moderna,13963
Czechia,2/9/2021,Pfizer/BioNTech,378609
Czechia,2/10/2021,Moderna,15703
Czechia,2/10/2021,Pfizer/BioNTech,395460
Czechia,2/11/2021,Moderna,19067
Czechia,2/11/2021,Oxford/AstraZeneca,230
Czechia,2/11/2021,Pfizer/BioNTech,414184
Czechia,2/12/2021,Moderna,21315
Czechia,2/12/2021,Oxford/AstraZeneca,624
Czechia,2/12/2021,Pfizer/BioNTech,432828
Czechia,2/13/2021,Moderna,21797
Czechia,2/13/2021,Oxford/AstraZeneca,1045
Czechia,2/13/2021,Pfizer/BioNTech,436445
Czechia,2/14/2021,Moderna,22045
Czechia,2/14/2021,Oxford/AstraZeneca,1247
Czechia,2/14/2021,Pfizer/BioNTech,438348
Czechia,2/15/2021,Moderna,23436
Czechia,2/15/2021,Oxford/AstraZeneca,2006
Czechia,2/15/2021,Pfizer/BioNTech,451854
Czechia,2/16/2021,Moderna,25901
Czechia,2/16/2021,Oxford/AstraZeneca,3140
Czechia,2/16/2021,Pfizer/BioNTech,465794
Czechia,2/17/2021,Moderna,28566
Czechia,2/17/2021,Oxford/AstraZeneca,5155
Czechia,2/17/2021,Pfizer/BioNTech,478916
Czechia,2/18/2021,Moderna,30912
Czechia,2/18/2021,Oxford/AstraZeneca,7111
Czechia,2/18/2021,Pfizer/BioNTech,494807
Czechia,2/19/2021,Moderna,32291
Czechia,2/19/2021,Oxford/AstraZeneca,8795
Czechia,2/19/2021,Pfizer/BioNTech,510669
Czechia,2/20/2021,Moderna,32294
Czechia,2/20/2021,Oxford/AstraZeneca,9421
Czechia,2/20/2021,Pfizer/BioNTech,513114
Czechia,2/21/2021,Moderna,32391
Czechia,2/21/2021,Oxford/AstraZeneca,9610
Czechia,2/21/2021,Pfizer/BioNTech,514848
Czechia,2/22/2021,Moderna,33388
Czechia,2/22/2021,Oxford/AstraZeneca,11211
Czechia,2/22/2021,Pfizer/BioNTech,528273
Czechia,2/23/2021,Moderna,34169
Czechia,2/23/2021,Oxford/AstraZeneca,13893
Czechia,2/23/2021,Pfizer/BioNTech,544485
Czechia,2/24/2021,Moderna,35493
Czechia,2/24/2021,Oxford/AstraZeneca,16804
Czechia,2/24/2021,Pfizer/BioNTech,559980
Czechia,2/25/2021,Moderna,36670
Czechia,2/25/2021,Oxford/AstraZeneca,21087
Czechia,2/25/2021,Pfizer/BioNTech,577860
Czechia,2/26/2021,Moderna,37451
Czechia,2/26/2021,Oxford/AstraZeneca,24357
Czechia,2/26/2021,Pfizer/BioNTech,595047
Czechia,2/27/2021,Moderna,37622
Czechia,2/27/2021,Oxford/AstraZeneca,24969
Czechia,2/27/2021,Pfizer/BioNTech,597738
Czechia,2/28/2021,Moderna,37814
Czechia,2/28/2021,Oxford/AstraZeneca,25431
Czechia,2/28/2021,Pfizer/BioNTech,599950
Czechia,3/1/2021,Moderna,39457
Czechia,3/1/2021,Oxford/AstraZeneca,29346
Czechia,3/1/2021,Pfizer/BioNTech,617079
Czechia,3/2/2021,Moderna,41312
Czechia,3/2/2021,Oxford/AstraZeneca,38387
Czechia,3/2/2021,Pfizer/BioNTech,636409
Czechia,3/3/2021,Moderna,45010
Czechia,3/3/2021,Oxford/AstraZeneca,47832
Czechia,3/3/2021,Pfizer/BioNTech,658037
Czechia,3/4/2021,Moderna,49656
Czechia,3/4/2021,Oxford/AstraZeneca,56801
Czechia,3/4/2021,Pfizer/BioNTech,681642
Czechia,3/5/2021,Moderna,53229
Czechia,3/5/2021,Oxford/AstraZeneca,64953
Czechia,3/5/2021,Pfizer/BioNTech,703658
Czechia,3/6/2021,Moderna,54613
Czechia,3/6/2021,Oxford/AstraZeneca,69320
Czechia,3/6/2021,Pfizer/BioNTech,710672
Czechia,3/7/2021,Moderna,55886
Czechia,3/7/2021,Oxford/AstraZeneca,73473
Czechia,3/7/2021,Pfizer/BioNTech,717412
Czechia,3/8/2021,Moderna,58955
Czechia,3/8/2021,Oxford/AstraZeneca,81225
Czechia,3/8/2021,Pfizer/BioNTech,740802
Czechia,3/9/2021,Moderna,64214
Czechia,3/9/2021,Oxford/AstraZeneca,92123
Czechia,3/9/2021,Pfizer/BioNTech,766762
Czechia,3/10/2021,Moderna,69166
Czechia,3/10/2021,Oxford/AstraZeneca,102736
Czechia,3/10/2021,Pfizer/BioNTech,798882
Czechia,3/11/2021,Moderna,73424
Czechia,3/11/2021,Oxford/AstraZeneca,114238
Czechia,3/11/2021,Pfizer/BioNTech,835720
Czechia,3/12/2021,Moderna,78797
Czechia,3/12/2021,Oxford/AstraZeneca,126253
Czechia,3/12/2021,Pfizer/BioNTech,864943
Czechia,3/13/2021,Moderna,80057
Czechia,3/13/2021,Oxford/AstraZeneca,129208
Czechia,3/13/2021,Pfizer/BioNTech,878916
Czechia,3/14/2021,Moderna,81189
Czechia,3/14/2021,Oxford/AstraZeneca,130110
Czechia,3/14/2021,Pfizer/BioNTech,890018
Czechia,3/15/2021,Moderna,87946
Czechia,3/15/2021,Oxford/AstraZeneca,138020
Czechia,3/15/2021,Pfizer/BioNTech,912013
Czechia,3/16/2021,Moderna,97068
Czechia,3/16/2021,Oxford/AstraZeneca,146517
Czechia,3/16/2021,Pfizer/BioNTech,943211
Czechia,3/17/2021,Moderna,104763
Czechia,3/17/2021,Oxford/AstraZeneca,155327
Czechia,3/17/2021,Pfizer/BioNTech,974194
Czechia,3/18/2021,Moderna,111883
Czechia,3/18/2021,Oxford/AstraZeneca,164356
Czechia,3/18/2021,Pfizer/BioNTech,1007808
Czechia,3/19/2021,Moderna,117913
Czechia,3/19/2021,Oxford/AstraZeneca,172921
Czechia,3/19/2021,Pfizer/BioNTech,1040614
Czechia,3/20/2021,Moderna,119050
Czechia,3/20/2021,Oxford/AstraZeneca,175255
Czechia,3/20/2021,Pfizer/BioNTech,1054039
Czechia,3/21/2021,Moderna,119355
Czechia,3/21/2021,Oxford/AstraZeneca,175708
Czechia,3/21/2021,Pfizer/BioNTech,1062116
Czechia,3/22/2021,Moderna,123435
Czechia,3/22/2021,Oxford/AstraZeneca,182385
Czechia,3/22/2021,Pfizer/BioNTech,1087542
Czechia,3/23/2021,Moderna,127174
Czechia,3/23/2021,Oxford/AstraZeneca,189770
Czechia,3/23/2021,Pfizer/BioNTech,1115555
Czechia,3/24/2021,Moderna,131278
Czechia,3/24/2021,Oxford/AstraZeneca,197316
Czechia,3/24/2021,Pfizer/BioNTech,1145891
Czechia,3/25/2021,Moderna,135299
Czechia,3/25/2021,Oxford/AstraZeneca,204649
Czechia,3/25/2021,Pfizer/BioNTech,1178212
Czechia,3/26/2021,Moderna,137797
Czechia,3/26/2021,Oxford/AstraZeneca,210142
Czechia,3/26/2021,Pfizer/BioNTech,1211848
Czechia,3/27/2021,Moderna,139032
Czechia,3/27/2021,Oxford/AstraZeneca,210974
Czechia,3/27/2021,Pfizer/BioNTech,1222798
Czechia,3/28/2021,Moderna,140579
Czechia,3/28/2021,Oxford/AstraZeneca,211067
Czechia,3/28/2021,Pfizer/BioNTech,1230692
Czechia,3/29/2021,Moderna,146496
Czechia,3/29/2021,Oxford/AstraZeneca,214732
Czechia,3/29/2021,Pfizer/BioNTech,1260361
Czechia,3/30/2021,Moderna,155295
Czechia,3/30/2021,Oxford/AstraZeneca,219959
Czechia,3/30/2021,Pfizer/BioNTech,1292623
Czechia,3/31/2021,Moderna,166110
Czechia,3/31/2021,Oxford/AstraZeneca,224793
Czechia,3/31/2021,Pfizer/BioNTech,1326272
Czechia,4/1/2021,Moderna,176553
Czechia,4/1/2021,Oxford/AstraZeneca,229088
Czechia,4/1/2021,Pfizer/BioNTech,1368132
Czechia,4/2/2021,Moderna,179080
Czechia,4/2/2021,Oxford/AstraZeneca,229586
Czechia,4/2/2021,Pfizer/BioNTech,1384442
Czechia,4/3/2021,Moderna,180796
Czechia,4/3/2021,Oxford/AstraZeneca,229763
Czechia,4/3/2021,Pfizer/BioNTech,1396830
Czechia,4/4/2021,Moderna,181987
Czechia,4/4/2021,Oxford/AstraZeneca,229764
Czechia,4/4/2021,Pfizer/BioNTech,1406783
Czechia,4/5/2021,Moderna,183364
Czechia,4/5/2021,Oxford/AstraZeneca,229829
Czechia,4/5/2021,Pfizer/BioNTech,1414728
Czechia,4/6/2021,Moderna,191720
Czechia,4/6/2021,Oxford/AstraZeneca,232659
Czechia,4/6/2021,Pfizer/BioNTech,1448248
Czechia,4/7/2021,Moderna,199989
Czechia,4/7/2021,Oxford/AstraZeneca,240378
Czechia,4/7/2021,Pfizer/BioNTech,1476946
Czechia,4/8/2021,Moderna,206023
Czechia,4/8/2021,Oxford/AstraZeneca,251222
Czechia,4/8/2021,Pfizer/BioNTech,1527822
Czechia,4/9/2021,Moderna,213351
Czechia,4/9/2021,Oxford/AstraZeneca,261874
Czechia,4/9/2021,Pfizer/BioNTech,1577153
Czechia,4/10/2021,Moderna,214864
Czechia,4/10/2021,Oxford/AstraZeneca,265128
Czechia,4/10/2021,Pfizer/BioNTech,1602380
Czechia,4/11/2021,Moderna,215996
Czechia,4/11/2021,Oxford/AstraZeneca,265617
Czechia,4/11/2021,Pfizer/BioNTech,1620196
Czechia,4/12/2021,Moderna,224360
Czechia,4/12/2021,Oxford/AstraZeneca,273954
Czechia,4/12/2021,Pfizer/BioNTech,1665027
Czechia,4/13/2021,Moderna,234735
Czechia,4/13/2021,Oxford/AstraZeneca,282843
Czechia,4/13/2021,Pfizer/BioNTech,1706209
Czechia,4/14/2021,Moderna,244954
Czechia,4/14/2021,Oxford/AstraZeneca,292342
Czechia,4/14/2021,Pfizer/BioNTech,1751003
Czechia,4/15/2021,Moderna,253968
Czechia,4/15/2021,Oxford/AstraZeneca,300836
Czechia,4/15/2021,Pfizer/BioNTech,1804378
Czechia,4/16/2021,Moderna,262901
Czechia,4/16/2021,Oxford/AstraZeneca,307030
Czechia,4/16/2021,Pfizer/BioNTech,1855009
Czechia,4/17/2021,Moderna,265238
Czechia,4/17/2021,Oxford/AstraZeneca,307576
Czechia,4/17/2021,Pfizer/BioNTech,1876084
Germany,12/27/2020,Moderna,0
Germany,12/27/2020,Oxford/AstraZeneca,0
Germany,12/27/2020,Pfizer/BioNTech,24296
Germany,12/28/2020,Moderna,0
Germany,12/28/2020,Oxford/AstraZeneca,0
Germany,12/28/2020,Pfizer/BioNTech,42679
Germany,12/29/2020,Moderna,0
Germany,12/29/2020,Oxford/AstraZeneca,0
Germany,12/29/2020,Pfizer/BioNTech,91810
Germany,12/30/2020,Moderna,0
Germany,12/30/2020,Oxford/AstraZeneca,0
Germany,12/30/2020,Pfizer/BioNTech,153641
Germany,12/31/2020,Moderna,0
Germany,12/31/2020,Oxford/AstraZeneca,0
Germany,12/31/2020,Pfizer/BioNTech,203328
Germany,1/1/2021,Moderna,0
Germany,1/1/2021,Oxford/AstraZeneca,1
Germany,1/1/2021,Pfizer/BioNTech,222598
Germany,1/2/2021,Moderna,0
Germany,1/2/2021,Oxford/AstraZeneca,1
Germany,1/2/2021,Pfizer/BioNTech,275459
Germany,1/3/2021,Moderna,0
Germany,1/3/2021,Oxford/AstraZeneca,1
Germany,1/3/2021,Pfizer/BioNTech,299610
Germany,1/4/2021,Moderna,0
Germany,1/4/2021,Oxford/AstraZeneca,1
Germany,1/4/2021,Pfizer/BioNTech,347960
Germany,1/5/2021,Moderna,1
Germany,1/5/2021,Oxford/AstraZeneca,1
Germany,1/5/2021,Pfizer/BioNTech,401456
Germany,1/6/2021,Moderna,7
Germany,1/6/2021,Oxford/AstraZeneca,3
Germany,1/6/2021,Pfizer/BioNTech,464446
Germany,1/7/2021,Moderna,11
Germany,1/7/2021,Oxford/AstraZeneca,3
Germany,1/7/2021,Pfizer/BioNTech,520578
Germany,1/8/2021,Moderna,59
Germany,1/8/2021,Oxford/AstraZeneca,3
Germany,1/8/2021,Pfizer/BioNTech,584121
Germany,1/9/2021,Moderna,59
Germany,1/9/2021,Oxford/AstraZeneca,3
Germany,1/9/2021,Pfizer/BioNTech,645351
Germany,1/10/2021,Moderna,59
Germany,1/10/2021,Oxford/AstraZeneca,3
Germany,1/10/2021,Pfizer/BioNTech,680489
Germany,1/11/2021,Moderna,60
Germany,1/11/2021,Oxford/AstraZeneca,3
Germany,1/11/2021,Pfizer/BioNTech,747192
Germany,1/12/2021,Moderna,60
Germany,1/12/2021,Oxford/AstraZeneca,5
Germany,1/12/2021,Pfizer/BioNTech,830141
Germany,1/13/2021,Moderna,857
Germany,1/13/2021,Oxford/AstraZeneca,5
Germany,1/13/2021,Pfizer/BioNTech,941035
Germany,1/14/2021,Moderna,5441
Germany,1/14/2021,Oxford/AstraZeneca,5
Germany,1/14/2021,Pfizer/BioNTech,1019643
Germany,1/15/2021,Moderna,10878
Germany,1/15/2021,Oxford/AstraZeneca,24
Germany,1/15/2021,Pfizer/BioNTech,1104949
Germany,1/16/2021,Moderna,12650
Germany,1/16/2021,Oxford/AstraZeneca,24
Germany,1/16/2021,Pfizer/BioNTech,1160569
Germany,1/17/2021,Moderna,13955
Germany,1/17/2021,Oxford/AstraZeneca,25
Germany,1/17/2021,Pfizer/BioNTech,1207103
Germany,1/18/2021,Moderna,17523
Germany,1/18/2021,Oxford/AstraZeneca,26
Germany,1/18/2021,Pfizer/BioNTech,1285348
Germany,1/19/2021,Moderna,20505
Germany,1/19/2021,Oxford/AstraZeneca,76
Germany,1/19/2021,Pfizer/BioNTech,1395990
Germany,1/20/2021,Moderna,23215
Germany,1/20/2021,Oxford/AstraZeneca,80
Germany,1/20/2021,Pfizer/BioNTech,1525192
Germany,1/21/2021,Moderna,25804
Germany,1/21/2021,Oxford/AstraZeneca,80
Germany,1/21/2021,Pfizer/BioNTech,1627100
Germany,1/22/2021,Moderna,27847
Germany,1/22/2021,Oxford/AstraZeneca,92
Germany,1/22/2021,Pfizer/BioNTech,1727119
Germany,1/23/2021,Moderna,28230
Germany,1/23/2021,Oxford/AstraZeneca,93
Germany,1/23/2021,Pfizer/BioNTech,1812364
Germany,1/24/2021,Moderna,28474
Germany,1/24/2021,Oxford/AstraZeneca,97
Germany,1/24/2021,Pfizer/BioNTech,1861615
Germany,1/25/2021,Moderna,30196
Germany,1/25/2021,Oxford/AstraZeneca,99
Germany,1/25/2021,Pfizer/BioNTech,1955915
Germany,1/26/2021,Moderna,31850
Germany,1/26/2021,Oxford/AstraZeneca,105
Germany,1/26/2021,Pfizer/BioNTech,2053743
Germany,1/27/2021,Moderna,33776
Germany,1/27/2021,Oxford/AstraZeneca,113
Germany,1/27/2021,Pfizer/BioNTech,2162828
Germany,1/28/2021,Moderna,35411
Germany,1/28/2021,Oxford/AstraZeneca,114
Germany,1/28/2021,Pfizer/BioNTech,2252410
Germany,1/29/2021,Moderna,36816
Germany,1/29/2021,Oxford/AstraZeneca,182
Germany,1/29/2021,Pfizer/BioNTech,2359490
Germany,1/30/2021,Moderna,37690
Germany,1/30/2021,Oxford/AstraZeneca,183
Germany,1/30/2021,Pfizer/BioNTech,2446057
Germany,1/31/2021,Moderna,38066
Germany,1/31/2021,Oxford/AstraZeneca,183
Germany,1/31/2021,Pfizer/BioNTech,2503491
Germany,2/1/2021,Moderna,40277
Germany,2/1/2021,Oxford/AstraZeneca,240
Germany,2/1/2021,Pfizer/BioNTech,2622753
Germany,2/2/2021,Moderna,43147
Germany,2/2/2021,Oxford/AstraZeneca,254
Germany,2/2/2021,Pfizer/BioNTech,2750439
Germany,2/3/2021,Moderna,49096
Germany,2/3/2021,Oxford/AstraZeneca,274
Germany,2/3/2021,Pfizer/BioNTech,2902949
Germany,2/4/2021,Moderna,54549
Germany,2/4/2021,Oxford/AstraZeneca,280
Germany,2/4/2021,Pfizer/BioNTech,3028706
Germany,2/5/2021,Moderna,60429
Germany,2/5/2021,Oxford/AstraZeneca,287
Germany,2/5/2021,Pfizer/BioNTech,3166612
Germany,2/6/2021,Moderna,62895
Germany,2/6/2021,Oxford/AstraZeneca,288
Germany,2/6/2021,Pfizer/BioNTech,3263605
Germany,2/7/2021,Moderna,65244
Germany,2/7/2021,Oxford/AstraZeneca,290
Germany,2/7/2021,Pfizer/BioNTech,3315107
Germany,2/8/2021,Moderna,69103
Germany,2/8/2021,Oxford/AstraZeneca,309
Germany,2/8/2021,Pfizer/BioNTech,3421274
Germany,2/9/2021,Moderna,72985
Germany,2/9/2021,Oxford/AstraZeneca,419
Germany,2/9/2021,Pfizer/BioNTech,3549832
Germany,2/10/2021,Moderna,76576
Germany,2/10/2021,Oxford/AstraZeneca,7454
Germany,2/10/2021,Pfizer/BioNTech,3688723
Germany,2/11/2021,Moderna,83525
Germany,2/11/2021,Oxford/AstraZeneca,22885
Germany,2/11/2021,Pfizer/BioNTech,3808464
Germany,2/12/2021,Moderna,93018
Germany,2/12/2021,Oxford/AstraZeneca,37118
Germany,2/12/2021,Pfizer/BioNTech,3941090
Germany,2/13/2021,Moderna,96053
Germany,2/13/2021,Oxford/AstraZeneca,49898
Germany,2/13/2021,Pfizer/BioNTech,4033255
Germany,2/14/2021,Moderna,98454
Germany,2/14/2021,Oxford/AstraZeneca,57208
Germany,2/14/2021,Pfizer/BioNTech,4088388
Germany,2/15/2021,Moderna,102851
Germany,2/15/2021,Oxford/AstraZeneca,71948
Germany,2/15/2021,Pfizer/BioNTech,4195836
Germany,2/16/2021,Moderna,108086
Germany,2/16/2021,Oxford/AstraZeneca,95434
Germany,2/16/2021,Pfizer/BioNTech,4301601
Germany,2/17/2021,Moderna,115607
Germany,2/17/2021,Oxford/AstraZeneca,115143
Germany,2/17/2021,Pfizer/BioNTech,4424271
Germany,2/18/2021,Moderna,123368
Germany,2/18/2021,Oxford/AstraZeneca,139537
Germany,2/18/2021,Pfizer/BioNTech,4535747
Germany,2/19/2021,Moderna,132797
Germany,2/19/2021,Oxford/AstraZeneca,164712
Germany,2/19/2021,Pfizer/BioNTech,4653783
Germany,2/20/2021,Moderna,137268
Germany,2/20/2021,Oxford/AstraZeneca,186335
Germany,2/20/2021,Pfizer/BioNTech,4741909
Germany,2/21/2021,Moderna,140496
Germany,2/21/2021,Oxford/AstraZeneca,201637
Germany,2/21/2021,Pfizer/BioNTech,4809201
Germany,2/22/2021,Moderna,149303
Germany,2/22/2021,Oxford/AstraZeneca,226600
Germany,2/22/2021,Pfizer/BioNTech,4936327
Germany,2/23/2021,Moderna,156126
Germany,2/23/2021,Oxford/AstraZeneca,253974
Germany,2/23/2021,Pfizer/BioNTech,5068780
Germany,2/24/2021,Moderna,163650
Germany,2/24/2021,Oxford/AstraZeneca,289208
Germany,2/24/2021,Pfizer/BioNTech,5200554
Germany,2/25/2021,Moderna,170169
Germany,2/25/2021,Oxford/AstraZeneca,340306
Germany,2/25/2021,Pfizer/BioNTech,5331697
Germany,2/26/2021,Moderna,178879
Germany,2/26/2021,Oxford/AstraZeneca,400538
Germany,2/26/2021,Pfizer/BioNTech,5470944
Germany,2/27/2021,Moderna,183070
Germany,2/27/2021,Oxford/AstraZeneca,452003
Germany,2/27/2021,Pfizer/BioNTech,5563755
Germany,2/28/2021,Moderna,187026
Germany,2/28/2021,Oxford/AstraZeneca,493812
Germany,2/28/2021,Pfizer/BioNTech,5626128
Germany,3/1/2021,Moderna,196032
Germany,3/1/2021,Oxford/AstraZeneca,550881
Germany,3/1/2021,Pfizer/BioNTech,5754741
Germany,3/2/2021,Moderna,205711
Germany,3/2/2021,Oxford/AstraZeneca,619513
Germany,3/2/2021,Pfizer/BioNTech,5895263
Germany,3/3/2021,Moderna,219048
Germany,3/3/2021,Oxford/AstraZeneca,692114
Germany,3/3/2021,Pfizer/BioNTech,6051736
Germany,3/4/2021,Moderna,232588
Germany,3/4/2021,Oxford/AstraZeneca,778205
Germany,3/4/2021,Pfizer/BioNTech,6194459
Germany,3/5/2021,Moderna,245399
Germany,3/5/2021,Oxford/AstraZeneca,885641
Germany,3/5/2021,Pfizer/BioNTech,6341511
Germany,3/6/2021,Moderna,253995
Germany,3/6/2021,Oxford/AstraZeneca,968621
Germany,3/6/2021,Pfizer/BioNTech,6452158
Germany,3/7/2021,Moderna,260729
Germany,3/7/2021,Oxford/AstraZeneca,1029755
Germany,3/7/2021,Pfizer/BioNTech,6534932
Germany,3/8/2021,Moderna,271730
Germany,3/8/2021,Oxford/AstraZeneca,1121440
Germany,3/8/2021,Pfizer/BioNTech,6670702
Germany,3/9/2021,Moderna,284413
Germany,3/9/2021,Oxford/AstraZeneca,1218724
Germany,3/9/2021,Pfizer/BioNTech,6810951
Germany,3/10/2021,Moderna,295958
Germany,3/10/2021,Oxford/AstraZeneca,1332981
Germany,3/10/2021,Pfizer/BioNTech,6968250
Germany,3/11/2021,Moderna,309092
Germany,3/11/2021,Oxford/AstraZeneca,1451624
Germany,3/11/2021,Pfizer/BioNTech,7117337
Germany,3/12/2021,Moderna,326389
Germany,3/12/2021,Oxford/AstraZeneca,1603331
Germany,3/12/2021,Pfizer/BioNTech,7269633
Germany,3/13/2021,Moderna,336027
Germany,3/13/2021,Oxford/AstraZeneca,1725013
Germany,3/13/2021,Pfizer/BioNTech,7384170
Germany,3/14/2021,Moderna,341170
Germany,3/14/2021,Oxford/AstraZeneca,1801289
Germany,3/14/2021,Pfizer/BioNTech,7473688
Germany,3/15/2021,Moderna,353491
Germany,3/15/2021,Oxford/AstraZeneca,1884741
Germany,3/15/2021,Pfizer/BioNTech,7625658
Germany,3/16/2021,Moderna,364470
Germany,3/16/2021,Oxford/AstraZeneca,1886648
Germany,3/16/2021,Pfizer/BioNTech,7793170
Germany,3/17/2021,Moderna,381583
Germany,3/17/2021,Oxford/AstraZeneca,1888045
Germany,3/17/2021,Pfizer/BioNTech,7979108
Germany,3/18/2021,Moderna,399141
Germany,3/18/2021,Oxford/AstraZeneca,1889616
Germany,3/18/2021,Pfizer/BioNTech,8154306
Germany,3/19/2021,Moderna,418864
Germany,3/19/2021,Oxford/AstraZeneca,1927868
Germany,3/19/2021,Pfizer/BioNTech,8337998
Germany,3/20/2021,Moderna,434044
Germany,3/20/2021,Oxford/AstraZeneca,1995755
Germany,3/20/2021,Pfizer/BioNTech,8473560
Germany,3/21/2021,Moderna,443212
Germany,3/21/2021,Oxford/AstraZeneca,2048006
Germany,3/21/2021,Pfizer/BioNTech,8577638
Germany,3/22/2021,Moderna,466737
Germany,3/22/2021,Oxford/AstraZeneca,2124581
Germany,3/22/2021,Pfizer/BioNTech,8742830
Germany,3/23/2021,Moderna,486379
Germany,3/23/2021,Oxford/AstraZeneca,2221553
Germany,3/23/2021,Pfizer/BioNTech,8923527
Germany,3/24/2021,Moderna,518916
Germany,3/24/2021,Oxford/AstraZeneca,2324235
Germany,3/24/2021,Pfizer/BioNTech,9120288
Germany,3/25/2021,Moderna,544835
Germany,3/25/2021,Oxford/AstraZeneca,2445125
Germany,3/25/2021,Pfizer/BioNTech,9307709
Germany,3/26/2021,Moderna,579723
Germany,3/26/2021,Oxford/AstraZeneca,2578835
Germany,3/26/2021,Pfizer/BioNTech,9509337
Germany,3/27/2021,Moderna,606816
Germany,3/27/2021,Oxford/AstraZeneca,2685067
Germany,3/27/2021,Pfizer/BioNTech,9660292
Germany,3/28/2021,Moderna,625336
Germany,3/28/2021,Oxford/AstraZeneca,2745060
Germany,3/28/2021,Pfizer/BioNTech,9777621
Germany,3/29/2021,Moderna,650406
Germany,3/29/2021,Oxford/AstraZeneca,2839299
Germany,3/29/2021,Pfizer/BioNTech,9964859
Germany,3/30/2021,Moderna,675805
Germany,3/30/2021,Oxford/AstraZeneca,2924237
Germany,3/30/2021,Pfizer/BioNTech,10178994
Germany,3/31/2021,Moderna,713178
Germany,3/31/2021,Oxford/AstraZeneca,2976590
Germany,3/31/2021,Pfizer/BioNTech,10426774
Germany,4/1/2021,Moderna,744762
Germany,4/1/2021,Oxford/AstraZeneca,3031149
Germany,4/1/2021,Pfizer/BioNTech,10659568
Germany,4/2/2021,Moderna,761220
Germany,4/2/2021,Oxford/AstraZeneca,3062674
Germany,4/2/2021,Pfizer/BioNTech,10840628
Germany,4/3/2021,Moderna,778278
Germany,4/3/2021,Oxford/AstraZeneca,3103751
Germany,4/3/2021,Pfizer/BioNTech,11012279
Germany,4/4/2021,Moderna,789370
Germany,4/4/2021,Oxford/AstraZeneca,3153313
Germany,4/4/2021,Pfizer/BioNTech,11147410
Germany,4/5/2021,Moderna,807258
Germany,4/5/2021,Oxford/AstraZeneca,3216723
Germany,4/5/2021,Pfizer/BioNTech,11315684
Germany,4/6/2021,Moderna,840160
Germany,4/6/2021,Oxford/AstraZeneca,3303435
Germany,4/6/2021,Pfizer/BioNTech,11573388
Germany,4/7/2021,Moderna,875426
Germany,4/7/2021,Oxford/AstraZeneca,3402682
Germany,4/7/2021,Pfizer/BioNTech,12113501
Germany,4/8/2021,Moderna,909849
Germany,4/8/2021,Oxford/AstraZeneca,3526171
Germany,4/8/2021,Pfizer/BioNTech,12683078
Germany,4/9/2021,Moderna,944208
Germany,4/9/2021,Oxford/AstraZeneca,3625586
Germany,4/9/2021,Pfizer/BioNTech,13169396
Germany,4/10/2021,Moderna,966486
Germany,4/10/2021,Oxford/AstraZeneca,3724718
Germany,4/10/2021,Pfizer/BioNTech,13413181
Germany,4/11/2021,Moderna,984456
Germany,4/11/2021,Oxford/AstraZeneca,3798432
Germany,4/11/2021,Pfizer/BioNTech,13578754
Germany,4/12/2021,Moderna,1012280
Germany,4/12/2021,Oxford/AstraZeneca,3906135
Germany,4/12/2021,Pfizer/BioNTech,13855139
Germany,4/13/2021,Moderna,1038374
Germany,4/13/2021,Oxford/AstraZeneca,4020995
Germany,4/13/2021,Pfizer/BioNTech,14281686
Germany,4/14/2021,Moderna,1068764
Germany,4/14/2021,Oxford/AstraZeneca,4143494
Germany,4/14/2021,Pfizer/BioNTech,14895847
Germany,4/15/2021,Moderna,1103466
Germany,4/15/2021,Oxford/AstraZeneca,4251284
Germany,4/15/2021,Pfizer/BioNTech,15417625
Germany,4/16/2021,Moderna,1130287
Germany,4/16/2021,Oxford/AstraZeneca,4370988
Germany,4/16/2021,Pfizer/BioNTech,15831067
Iceland,12/29/2020,Moderna,0
Iceland,12/29/2020,Oxford/AstraZeneca,0
Iceland,12/29/2020,Pfizer/BioNTech,2525
Iceland,12/30/2020,Moderna,0
Iceland,12/30/2020,Oxford/AstraZeneca,0
Iceland,12/30/2020,Pfizer/BioNTech,4941
Iceland,12/31/2020,Moderna,0
Iceland,12/31/2020,Oxford/AstraZeneca,0
Iceland,12/31/2020,Pfizer/BioNTech,4941
Iceland,1/1/2021,Moderna,0
Iceland,1/1/2021,Oxford/AstraZeneca,0
Iceland,1/1/2021,Pfizer/BioNTech,4941
Iceland,1/2/2021,Moderna,0
Iceland,1/2/2021,Oxford/AstraZeneca,0
Iceland,1/2/2021,Pfizer/BioNTech,4941
Iceland,1/3/2021,Moderna,0
Iceland,1/3/2021,Oxford/AstraZeneca,0
Iceland,1/3/2021,Pfizer/BioNTech,4941
Iceland,1/4/2021,Moderna,0
Iceland,1/4/2021,Oxford/AstraZeneca,0
Iceland,1/4/2021,Pfizer/BioNTech,4941
Iceland,1/5/2021,Moderna,0
Iceland,1/5/2021,Oxford/AstraZeneca,0
Iceland,1/5/2021,Pfizer/BioNTech,4948
Iceland,1/6/2021,Moderna,0
Iceland,1/6/2021,Oxford/AstraZeneca,0
Iceland,1/6/2021,Pfizer/BioNTech,4948
Iceland,1/7/2021,Moderna,0
Iceland,1/7/2021,Oxford/AstraZeneca,0
Iceland,1/7/2021,Pfizer/BioNTech,4948
Iceland,1/8/2021,Moderna,0
Iceland,1/8/2021,Oxford/AstraZeneca,0
Iceland,1/8/2021,Pfizer/BioNTech,4948
Iceland,1/9/2021,Moderna,0
Iceland,1/9/2021,Oxford/AstraZeneca,0
Iceland,1/9/2021,Pfizer/BioNTech,4948
Iceland,1/10/2021,Moderna,0
Iceland,1/10/2021,Oxford/AstraZeneca,0
Iceland,1/10/2021,Pfizer/BioNTech,4948
Iceland,1/11/2021,Moderna,0
Iceland,1/11/2021,Oxford/AstraZeneca,0
Iceland,1/11/2021,Pfizer/BioNTech,4948
Iceland,1/12/2021,Moderna,0
Iceland,1/12/2021,Oxford/AstraZeneca,0
Iceland,1/12/2021,Pfizer/BioNTech,4948
Iceland,1/13/2021,Moderna,501
Iceland,1/13/2021,Oxford/AstraZeneca,0
Iceland,1/13/2021,Pfizer/BioNTech,4948
Iceland,1/14/2021,Moderna,843
Iceland,1/14/2021,Oxford/AstraZeneca,0
Iceland,1/14/2021,Pfizer/BioNTech,4948
Iceland,1/15/2021,Moderna,1262
Iceland,1/15/2021,Oxford/AstraZeneca,0
Iceland,1/15/2021,Pfizer/BioNTech,4948
Iceland,1/16/2021,Moderna,1262
Iceland,1/16/2021,Oxford/AstraZeneca,0
Iceland,1/16/2021,Pfizer/BioNTech,4948
Iceland,1/17/2021,Moderna,1262
Iceland,1/17/2021,Oxford/AstraZeneca,0
Iceland,1/17/2021,Pfizer/BioNTech,4948
Iceland,1/18/2021,Moderna,1263
Iceland,1/18/2021,Oxford/AstraZeneca,0
Iceland,1/18/2021,Pfizer/BioNTech,4978
Iceland,1/19/2021,Moderna,1263
Iceland,1/19/2021,Oxford/AstraZeneca,0
Iceland,1/19/2021,Pfizer/BioNTech,6072
Iceland,1/20/2021,Moderna,1263
Iceland,1/20/2021,Oxford/AstraZeneca,0
Iceland,1/20/2021,Pfizer/BioNTech,7834
Iceland,1/21/2021,Moderna,1263
Iceland,1/21/2021,Oxford/AstraZeneca,1
Iceland,1/21/2021,Pfizer/BioNTech,11610
Iceland,1/22/2021,Moderna,1263
Iceland,1/22/2021,Oxford/AstraZeneca,1
Iceland,1/22/2021,Pfizer/BioNTech,13501
Iceland,1/23/2021,Moderna,1263
Iceland,1/23/2021,Oxford/AstraZeneca,1
Iceland,1/23/2021,Pfizer/BioNTech,14050
Iceland,1/24/2021,Moderna,1263
Iceland,1/24/2021,Oxford/AstraZeneca,1
Iceland,1/24/2021,Pfizer/BioNTech,14050
Iceland,1/25/2021,Moderna,1263
Iceland,1/25/2021,Oxford/AstraZeneca,1
Iceland,1/25/2021,Pfizer/BioNTech,14206
Iceland,1/26/2021,Moderna,1263
Iceland,1/26/2021,Oxford/AstraZeneca,1
Iceland,1/26/2021,Pfizer/BioNTech,14313
Iceland,1/27/2021,Moderna,1263
Iceland,1/27/2021,Oxford/AstraZeneca,1
Iceland,1/27/2021,Pfizer/BioNTech,14326
Iceland,1/28/2021,Moderna,1263
Iceland,1/28/2021,Oxford/AstraZeneca,1
Iceland,1/28/2021,Pfizer/BioNTech,14326
Iceland,1/29/2021,Moderna,1263
Iceland,1/29/2021,Oxford/AstraZeneca,1
Iceland,1/29/2021,Pfizer/BioNTech,14327
Iceland,1/30/2021,Moderna,1263
Iceland,1/30/2021,Oxford/AstraZeneca,1
Iceland,1/30/2021,Pfizer/BioNTech,14327
Iceland,1/31/2021,Moderna,1263
Iceland,1/31/2021,Oxford/AstraZeneca,1
Iceland,1/31/2021,Pfizer/BioNTech,14327
Iceland,2/1/2021,Moderna,1263
Iceland,2/1/2021,Oxford/AstraZeneca,1
Iceland,2/1/2021,Pfizer/BioNTech,14764
Iceland,2/2/2021,Moderna,1264
Iceland,2/2/2021,Oxford/AstraZeneca,1
Iceland,2/2/2021,Pfizer/BioNTech,15775
Iceland,2/3/2021,Moderna,1264
Iceland,2/3/2021,Oxford/AstraZeneca,1
Iceland,2/3/2021,Pfizer/BioNTech,16304
Iceland,2/4/2021,Moderna,1264
Iceland,2/4/2021,Oxford/AstraZeneca,1
Iceland,2/4/2021,Pfizer/BioNTech,16343
Iceland,2/5/2021,Moderna,1264
Iceland,2/5/2021,Oxford/AstraZeneca,1
Iceland,2/5/2021,Pfizer/BioNTech,16367
Iceland,2/6/2021,Moderna,1264
Iceland,2/6/2021,Oxford/AstraZeneca,1
Iceland,2/6/2021,Pfizer/BioNTech,16486
Iceland,2/7/2021,Moderna,1264
Iceland,2/7/2021,Oxford/AstraZeneca,1
Iceland,2/7/2021,Pfizer/BioNTech,16486
Iceland,2/8/2021,Moderna,1264
Iceland,2/8/2021,Oxford/AstraZeneca,1
Iceland,2/8/2021,Pfizer/BioNTech,16486
Iceland,2/9/2021,Moderna,1264
Iceland,2/9/2021,Oxford/AstraZeneca,1
Iceland,2/9/2021,Pfizer/BioNTech,16486
Iceland,2/10/2021,Moderna,1814
Iceland,2/10/2021,Oxford/AstraZeneca,1
Iceland,2/10/2021,Pfizer/BioNTech,16487
Iceland,2/11/2021,Moderna,1990
Iceland,2/11/2021,Oxford/AstraZeneca,1209
Iceland,2/11/2021,Pfizer/BioNTech,16487
Iceland,2/12/2021,Moderna,2198
Iceland,2/12/2021,Oxford/AstraZeneca,1209
Iceland,2/12/2021,Pfizer/BioNTech,16501
Iceland,2/13/2021,Moderna,2198
Iceland,2/13/2021,Oxford/AstraZeneca,1209
Iceland,2/13/2021,Pfizer/BioNTech,16501
Iceland,2/14/2021,Moderna,2198
Iceland,2/14/2021,Oxford/AstraZeneca,1209
Iceland,2/14/2021,Pfizer/BioNTech,16501
Iceland,2/15/2021,Moderna,2385
Iceland,2/15/2021,Oxford/AstraZeneca,1209
Iceland,2/15/2021,Pfizer/BioNTech,16501
Iceland,2/16/2021,Moderna,2584
Iceland,2/16/2021,Oxford/AstraZeneca,1253
Iceland,2/16/2021,Pfizer/BioNTech,17796
Iceland,2/17/2021,Moderna,3233
Iceland,2/17/2021,Oxford/AstraZeneca,1516
Iceland,2/17/2021,Pfizer/BioNTech,20223
Iceland,2/18/2021,Moderna,3574
Iceland,2/18/2021,Oxford/AstraZeneca,1595
Iceland,2/18/2021,Pfizer/BioNTech,20670
Iceland,2/19/2021,Moderna,3904
Iceland,2/19/2021,Oxford/AstraZeneca,2719
Iceland,2/19/2021,Pfizer/BioNTech,20854
Iceland,2/20/2021,Moderna,3904
Iceland,2/20/2021,Oxford/AstraZeneca,2719
Iceland,2/20/2021,Pfizer/BioNTech,21204
Iceland,2/21/2021,Moderna,3904
Iceland,2/21/2021,Oxford/AstraZeneca,2719
Iceland,2/21/2021,Pfizer/BioNTech,21204
Iceland,2/22/2021,Moderna,3904
Iceland,2/22/2021,Oxford/AstraZeneca,2836
Iceland,2/22/2021,Pfizer/BioNTech,21230
Iceland,2/23/2021,Moderna,3904
Iceland,2/23/2021,Oxford/AstraZeneca,3156
Iceland,2/23/2021,Pfizer/BioNTech,22601
Iceland,2/24/2021,Moderna,3904
Iceland,2/24/2021,Oxford/AstraZeneca,3726
Iceland,2/24/2021,Pfizer/BioNTech,23912
Iceland,2/25/2021,Moderna,3904
Iceland,2/25/2021,Oxford/AstraZeneca,3936
Iceland,2/25/2021,Pfizer/BioNTech,24429
Iceland,2/26/2021,Moderna,3904
Iceland,2/26/2021,Oxford/AstraZeneca,5157
Iceland,2/26/2021,Pfizer/BioNTech,24588
Iceland,2/27/2021,Moderna,3904
Iceland,2/27/2021,Oxford/AstraZeneca,5157
Iceland,2/27/2021,Pfizer/BioNTech,24747
Iceland,2/28/2021,Moderna,3904
Iceland,2/28/2021,Oxford/AstraZeneca,5157
Iceland,2/28/2021,Pfizer/BioNTech,24747
Iceland,3/1/2021,Moderna,3904
Iceland,3/1/2021,Oxford/AstraZeneca,5253
Iceland,3/1/2021,Pfizer/BioNTech,24747
Iceland,3/2/2021,Moderna,3905
Iceland,3/2/2021,Oxford/AstraZeneca,5379
Iceland,3/2/2021,Pfizer/BioNTech,27104
Iceland,3/3/2021,Moderna,3905
Iceland,3/3/2021,Oxford/AstraZeneca,5491
Iceland,3/3/2021,Pfizer/BioNTech,29856
Iceland,3/4/2021,Moderna,3906
Iceland,3/4/2021,Oxford/AstraZeneca,5856
Iceland,3/4/2021,Pfizer/BioNTech,30037
Iceland,3/5/2021,Moderna,3906
Iceland,3/5/2021,Oxford/AstraZeneca,8147
Iceland,3/5/2021,Pfizer/BioNTech,30037
Iceland,3/6/2021,Moderna,3906
Iceland,3/6/2021,Oxford/AstraZeneca,8147
Iceland,3/6/2021,Pfizer/BioNTech,30037
Iceland,3/7/2021,Moderna,3906
Iceland,3/7/2021,Oxford/AstraZeneca,8147
Iceland,3/7/2021,Pfizer/BioNTech,30037
Iceland,3/8/2021,Moderna,3906
Iceland,3/8/2021,Oxford/AstraZeneca,8150
Iceland,3/8/2021,Pfizer/BioNTech,30038
Iceland,3/9/2021,Moderna,3906
Iceland,3/9/2021,Oxford/AstraZeneca,8290
Iceland,3/9/2021,Pfizer/BioNTech,32713
Iceland,3/10/2021,Moderna,3906
Iceland,3/10/2021,Oxford/AstraZeneca,8895
Iceland,3/10/2021,Pfizer/BioNTech,33298
Iceland,3/11/2021,Moderna,3906
Iceland,3/11/2021,Oxford/AstraZeneca,9280
Iceland,3/11/2021,Pfizer/BioNTech,33722
Iceland,3/12/2021,Moderna,3906
Iceland,3/12/2021,Oxford/AstraZeneca,9280
Iceland,3/12/2021,Pfizer/BioNTech,33916
Iceland,3/13/2021,Moderna,3906
Iceland,3/13/2021,Oxford/AstraZeneca,9280
Iceland,3/13/2021,Pfizer/BioNTech,33916
Iceland,3/14/2021,Moderna,3906
Iceland,3/14/2021,Oxford/AstraZeneca,9280
Iceland,3/14/2021,Pfizer/BioNTech,33916
Iceland,3/15/2021,Moderna,3906
Iceland,3/15/2021,Oxford/AstraZeneca,9280
Iceland,3/15/2021,Pfizer/BioNTech,33935
Iceland,3/16/2021,Moderna,3906
Iceland,3/16/2021,Oxford/AstraZeneca,9280
Iceland,3/16/2021,Pfizer/BioNTech,37168
Iceland,3/17/2021,Moderna,4343
Iceland,3/17/2021,Oxford/AstraZeneca,9280
Iceland,3/17/2021,Pfizer/BioNTech,37695
Iceland,3/18/2021,Moderna,4623
Iceland,3/18/2021,Oxford/AstraZeneca,9280
Iceland,3/18/2021,Pfizer/BioNTech,38734
Iceland,3/19/2021,Moderna,4848
Iceland,3/19/2021,Oxford/AstraZeneca,9280
Iceland,3/19/2021,Pfizer/BioNTech,38920
Iceland,3/20/2021,Moderna,4848
Iceland,3/20/2021,Oxford/AstraZeneca,9280
Iceland,3/20/2021,Pfizer/BioNTech,38920
Iceland,3/21/2021,Moderna,4848
Iceland,3/21/2021,Oxford/AstraZeneca,9280
Iceland,3/21/2021,Pfizer/BioNTech,38921
Iceland,3/22/2021,Moderna,5075
Iceland,3/22/2021,Oxford/AstraZeneca,9280
Iceland,3/22/2021,Pfizer/BioNTech,40544
Iceland,3/23/2021,Moderna,5288
Iceland,3/23/2021,Oxford/AstraZeneca,9289
Iceland,3/23/2021,Pfizer/BioNTech,43489
Iceland,3/24/2021,Moderna,6715
Iceland,3/24/2021,Oxford/AstraZeneca,9289
Iceland,3/24/2021,Pfizer/BioNTech,43929
Iceland,3/25/2021,Moderna,6715
Iceland,3/25/2021,Oxford/AstraZeneca,9322
Iceland,3/25/2021,Pfizer/BioNTech,44371
Iceland,3/26/2021,Moderna,6715
Iceland,3/26/2021,Oxford/AstraZeneca,13963
Iceland,3/26/2021,Pfizer/BioNTech,44802
Iceland,3/27/2021,Moderna,6715
Iceland,3/27/2021,Oxford/AstraZeneca,13963
Iceland,3/27/2021,Pfizer/BioNTech,45187
Iceland,3/28/2021,Moderna,6715
Iceland,3/28/2021,Oxford/AstraZeneca,13963
Iceland,3/28/2021,Pfizer/BioNTech,45519
Iceland,3/29/2021,Moderna,6715
Iceland,3/29/2021,Oxford/AstraZeneca,14975
Iceland,3/29/2021,Pfizer/BioNTech,46379
Iceland,3/30/2021,Moderna,6715
Iceland,3/30/2021,Oxford/AstraZeneca,16436
Iceland,3/30/2021,Pfizer/BioNTech,49880
Iceland,3/31/2021,Moderna,6715
Iceland,3/31/2021,Oxford/AstraZeneca,17232
Iceland,3/31/2021,Pfizer/BioNTech,50713
Iceland,4/1/2021,Moderna,6715
Iceland,4/1/2021,Oxford/AstraZeneca,17232
Iceland,4/1/2021,Pfizer/BioNTech,50713
Iceland,4/2/2021,Moderna,6715
Iceland,4/2/2021,Oxford/AstraZeneca,17232
Iceland,4/2/2021,Pfizer/BioNTech,50713
Iceland,4/3/2021,Moderna,6715
Iceland,4/3/2021,Oxford/AstraZeneca,17232
Iceland,4/3/2021,Pfizer/BioNTech,50713
Iceland,4/4/2021,Moderna,6715
Iceland,4/4/2021,Oxford/AstraZeneca,17232
Iceland,4/4/2021,Pfizer/BioNTech,50713
Iceland,4/5/2021,Moderna,6715
Iceland,4/5/2021,Oxford/AstraZeneca,17232
Iceland,4/5/2021,Pfizer/BioNTech,50713
Iceland,4/6/2021,Moderna,6715
Iceland,4/6/2021,Oxford/AstraZeneca,17232
Iceland,4/6/2021,Pfizer/BioNTech,50713
Iceland,4/7/2021,Moderna,6715
Iceland,4/7/2021,Oxford/AstraZeneca,18054
Iceland,4/7/2021,Pfizer/BioNTech,55002
Iceland,4/8/2021,Moderna,6715
Iceland,4/8/2021,Oxford/AstraZeneca,22356
Iceland,4/8/2021,Pfizer/BioNTech,57340
Iceland,4/9/2021,Moderna,8153
Iceland,4/9/2021,Oxford/AstraZeneca,22726
Iceland,4/9/2021,Pfizer/BioNTech,57833
Iceland,4/10/2021,Moderna,8153
Iceland,4/10/2021,Oxford/AstraZeneca,23239
Iceland,4/10/2021,Pfizer/BioNTech,57851
Iceland,4/11/2021,Moderna,8153
Iceland,4/11/2021,Oxford/AstraZeneca,23239
Iceland,4/11/2021,Pfizer/BioNTech,57851
Iceland,4/12/2021,Moderna,8153
Iceland,4/12/2021,Oxford/AstraZeneca,23261
Iceland,4/12/2021,Pfizer/BioNTech,57851
Iceland,4/13/2021,Moderna,8153
Iceland,4/13/2021,Oxford/AstraZeneca,23281
Iceland,4/13/2021,Pfizer/BioNTech,64029
Iceland,4/14/2021,Moderna,8153
Iceland,4/14/2021,Oxford/AstraZeneca,23783
Iceland,4/14/2021,Pfizer/BioNTech,65483
Iceland,4/15/2021,Moderna,8153
Iceland,4/15/2021,Oxford/AstraZeneca,23898
Iceland,4/15/2021,Pfizer/BioNTech,66621
Italy,12/27/2020,Pfizer/BioNTech,7169
Italy,12/28/2020,Pfizer/BioNTech,8590
Italy,12/29/2020,Pfizer/BioNTech,9595
Italy,12/30/2020,Pfizer/BioNTech,14322
Italy,12/31/2020,Pfizer/BioNTech,39798
Italy,1/1/2021,Pfizer/BioNTech,50852
Italy,1/2/2021,Pfizer/BioNTech,89366
Italy,1/3/2021,Pfizer/BioNTech,124526
Italy,1/4/2021,Pfizer/BioNTech,193259
Italy,1/5/2021,Pfizer/BioNTech,272928
Italy,1/6/2021,Pfizer/BioNTech,338113
Italy,1/7/2021,Pfizer/BioNTech,430345
Italy,1/8/2021,Moderna,1
Italy,1/8/2021,Pfizer/BioNTech,525921
Italy,1/9/2021,Pfizer/BioNTech,612812
Italy,1/10/2021,Pfizer/BioNTech,673158
Italy,1/11/2021,Pfizer/BioNTech,754075
Italy,1/12/2021,Pfizer/BioNTech,836054
Italy,1/13/2021,Moderna,2
Italy,1/13/2021,Pfizer/BioNTech,930442
Italy,1/14/2021,Moderna,86
Italy,1/14/2021,Pfizer/BioNTech,1023850
Italy,1/15/2021,Moderna,1180
Italy,1/15/2021,Pfizer/BioNTech,1112035
Italy,1/16/2021,Moderna,2090
Italy,1/16/2021,Pfizer/BioNTech,1175851
Italy,1/17/2021,Moderna,2383
Italy,1/17/2021,Pfizer/BioNTech,1212394
Italy,1/18/2021,Moderna,3601
Italy,1/18/2021,Pfizer/BioNTech,1254588
Italy,1/19/2021,Moderna,5692
Italy,1/19/2021,Pfizer/BioNTech,1285036
Italy,1/20/2021,Moderna,8969
Italy,1/20/2021,Pfizer/BioNTech,1312005
Italy,1/21/2021,Moderna,11760
Italy,1/21/2021,Pfizer/BioNTech,1344419
Italy,1/22/2021,Moderna,13496
Italy,1/22/2021,Oxford/AstraZeneca,3
Italy,1/22/2021,Pfizer/BioNTech,1368902
Italy,1/23/2021,Moderna,14496
Italy,1/23/2021,Pfizer/BioNTech,1406348
Italy,1/24/2021,Moderna,15290
Italy,1/24/2021,Pfizer/BioNTech,1439268
Italy,1/25/2021,Moderna,15888
Italy,1/25/2021,Pfizer/BioNTech,1507384
Italy,1/26/2021,Moderna,16635
Italy,1/26/2021,Pfizer/BioNTech,1586510
Italy,1/27/2021,Moderna,17255
Italy,1/27/2021,Pfizer/BioNTech,1656421
Italy,1/28/2021,Moderna,18029
Italy,1/28/2021,Pfizer/BioNTech,1748845
Italy,1/29/2021,Moderna,18837
Italy,1/29/2021,Pfizer/BioNTech,1845467
Italy,1/30/2021,Moderna,19303
Italy,1/30/2021,Oxford/AstraZeneca,4
Italy,1/30/2021,Pfizer/BioNTech,1934929
Italy,1/31/2021,Moderna,19500
Italy,1/31/2021,Pfizer/BioNTech,1994133
Italy,2/1/2021,Moderna,20051
Italy,2/1/2021,Oxford/AstraZeneca,5
Italy,2/1/2021,Pfizer/BioNTech,2079087
Italy,2/2/2021,Moderna,21163
Italy,2/2/2021,Oxford/AstraZeneca,15
Italy,2/2/2021,Pfizer/BioNTech,2165681
Italy,2/3/2021,Moderna,22567
Italy,2/3/2021,Pfizer/BioNTech,2263583
Italy,2/4/2021,Moderna,24210
Italy,2/4/2021,Pfizer/BioNTech,2368756
Italy,2/5/2021,Moderna,27435
Italy,2/5/2021,Oxford/AstraZeneca,17
Italy,2/5/2021,Pfizer/BioNTech,2472093
Italy,2/6/2021,Moderna,29526
Italy,2/6/2021,Pfizer/BioNTech,2546669
Italy,2/7/2021,Moderna,30118
Italy,2/7/2021,Oxford/AstraZeneca,18
Italy,2/7/2021,Pfizer/BioNTech,2587621
Italy,2/8/2021,Moderna,32730
Italy,2/8/2021,Oxford/AstraZeneca,19
Italy,2/8/2021,Pfizer/BioNTech,2651269
Italy,2/9/2021,Moderna,36076
Italy,2/9/2021,Pfizer/BioNTech,2714193
Italy,2/10/2021,Moderna,38894
Italy,2/10/2021,Oxford/AstraZeneca,20
Italy,2/10/2021,Pfizer/BioNTech,2783566
Italy,2/11/2021,Moderna,42024
Italy,2/11/2021,Oxford/AstraZeneca,2921
Italy,2/11/2021,Pfizer/BioNTech,2851794
Italy,2/12/2021,Moderna,46149
Italy,2/12/2021,Oxford/AstraZeneca,7408
Italy,2/12/2021,Pfizer/BioNTech,2916414
Italy,2/13/2021,Moderna,50031
Italy,2/13/2021,Oxford/AstraZeneca,12660
Italy,2/13/2021,Pfizer/BioNTech,2959643
Italy,2/14/2021,Moderna,51232
Italy,2/14/2021,Oxford/AstraZeneca,19710
Italy,2/14/2021,Pfizer/BioNTech,2980661
Italy,2/15/2021,Moderna,55363
Italy,2/15/2021,Oxford/AstraZeneca,26679
Italy,2/15/2021,Pfizer/BioNTech,3031969
Italy,2/16/2021,Moderna,62042
Italy,2/16/2021,Oxford/AstraZeneca,35934
Italy,2/16/2021,Pfizer/BioNTech,3086773
Italy,2/17/2021,Moderna,69780
Italy,2/17/2021,Oxford/AstraZeneca,48528
Italy,2/17/2021,Pfizer/BioNTech,3146028
Italy,2/18/2021,Moderna,76809
Italy,2/18/2021,Oxford/AstraZeneca,65907
Italy,2/18/2021,Pfizer/BioNTech,3210850
Italy,2/19/2021,Moderna,83763
Italy,2/19/2021,Oxford/AstraZeneca,84960
Italy,2/19/2021,Pfizer/BioNTech,3276831
Italy,2/20/2021,Moderna,90151
Italy,2/20/2021,Oxford/AstraZeneca,103933
Italy,2/20/2021,Pfizer/BioNTech,3329071
Italy,2/21/2021,Moderna,95597
Italy,2/21/2021,Oxford/AstraZeneca,114572
Italy,2/21/2021,Pfizer/BioNTech,3363738
Italy,2/22/2021,Moderna,101509
Italy,2/22/2021,Oxford/AstraZeneca,137872
Italy,2/22/2021,Pfizer/BioNTech,3439739
Italy,2/23/2021,Moderna,106790
Italy,2/23/2021,Oxford/AstraZeneca,162638
Italy,2/23/2021,Pfizer/BioNTech,3515961
Italy,2/24/2021,Moderna,113023
Italy,2/24/2021,Oxford/AstraZeneca,189790
Italy,2/24/2021,Pfizer/BioNTech,3604483
Italy,2/25/2021,Moderna,119222
Italy,2/25/2021,Oxford/AstraZeneca,221322
Italy,2/25/2021,Pfizer/BioNTech,3694849
Italy,2/26/2021,Moderna,124927
Italy,2/26/2021,Oxford/AstraZeneca,261483
Italy,2/26/2021,Pfizer/BioNTech,3784847
Italy,2/27/2021,Moderna,131891
Italy,2/27/2021,Oxford/AstraZeneca,306017
Italy,2/27/2021,Pfizer/BioNTech,3859521
Italy,2/28/2021,Moderna,134585
Italy,2/28/2021,Oxford/AstraZeneca,332412
Italy,2/28/2021,Pfizer/BioNTech,3908382
Italy,3/1/2021,Moderna,141656
Italy,3/1/2021,Oxford/AstraZeneca,372247
Italy,3/1/2021,Pfizer/BioNTech,3996494
Italy,3/2/2021,Moderna,149149
Italy,3/2/2021,Oxford/AstraZeneca,427756
Italy,3/2/2021,Pfizer/BioNTech,4093450
Italy,3/3/2021,Moderna,159143
Italy,3/3/2021,Oxford/AstraZeneca,484545
Italy,3/3/2021,Pfizer/BioNTech,4211934
Italy,3/4/2021,Moderna,170103
Italy,3/4/2021,Oxford/AstraZeneca,543425
Italy,3/4/2021,Pfizer/BioNTech,4337304
Italy,3/5/2021,Moderna,182308
Italy,3/5/2021,Oxford/AstraZeneca,607101
Italy,3/5/2021,Pfizer/BioNTech,4464048
Italy,3/6/2021,Moderna,195434
Italy,3/6/2021,Oxford/AstraZeneca,669662
Italy,3/6/2021,Pfizer/BioNTech,4564218
Italy,3/7/2021,Moderna,203152
Italy,3/7/2021,Oxford/AstraZeneca,705299
Italy,3/7/2021,Pfizer/BioNTech,4621797
Italy,3/8/2021,Moderna,215454
Italy,3/8/2021,Oxford/AstraZeneca,762170
Italy,3/8/2021,Pfizer/BioNTech,4730672
Italy,3/9/2021,Moderna,227772
Italy,3/9/2021,Oxford/AstraZeneca,821609
Italy,3/9/2021,Pfizer/BioNTech,4849776
Italy,3/10/2021,Moderna,238749
Italy,3/10/2021,Oxford/AstraZeneca,884655
Italy,3/10/2021,Pfizer/BioNTech,4987094
Italy,3/11/2021,Moderna,250838
Italy,3/11/2021,Oxford/AstraZeneca,952005
Italy,3/11/2021,Pfizer/BioNTech,5126355
Italy,3/12/2021,Moderna,260640
Italy,3/12/2021,Oxford/AstraZeneca,1021409
Italy,3/12/2021,Pfizer/BioNTech,5255328
Italy,3/13/2021,Moderna,271709
Italy,3/13/2021,Oxford/AstraZeneca,1087484
Italy,3/13/2021,Pfizer/BioNTech,5353522
Italy,3/14/2021,Moderna,278624
Italy,3/14/2021,Oxford/AstraZeneca,1127719
Italy,3/14/2021,Pfizer/BioNTech,5411677
Italy,3/15/2021,Moderna,289547
Italy,3/15/2021,Oxford/AstraZeneca,1174587
Italy,3/15/2021,Pfizer/BioNTech,5524282
Italy,3/16/2021,Moderna,301638
Italy,3/16/2021,Oxford/AstraZeneca,1175000
Italy,3/16/2021,Pfizer/BioNTech,5651484
Italy,3/17/2021,Moderna,312877
Italy,3/17/2021,Oxford/AstraZeneca,1175313
Italy,3/17/2021,Pfizer/BioNTech,5804647
Italy,3/18/2021,Moderna,325716
Italy,3/18/2021,Oxford/AstraZeneca,1175475
Italy,3/18/2021,Pfizer/BioNTech,5954293
Italy,3/19/2021,Moderna,336819
Italy,3/19/2021,Oxford/AstraZeneca,1193300
Italy,3/19/2021,Pfizer/BioNTech,6099600
Italy,3/20/2021,Moderna,349245
Italy,3/20/2021,Oxford/AstraZeneca,1242516
Italy,3/20/2021,Pfizer/BioNTech,6211785
Italy,3/21/2021,Moderna,358683
Italy,3/21/2021,Oxford/AstraZeneca,1286473
Italy,3/21/2021,Pfizer/BioNTech,6287678
Italy,3/22/2021,Moderna,370389
Italy,3/22/2021,Oxford/AstraZeneca,1353662
Italy,3/22/2021,Pfizer/BioNTech,6399774
Italy,3/23/2021,Moderna,383760
Italy,3/23/2021,Oxford/AstraZeneca,1429424
Italy,3/23/2021,Pfizer/BioNTech,6531026
Italy,3/24/2021,Moderna,399148
Italy,3/24/2021,Oxford/AstraZeneca,1502366
Italy,3/24/2021,Pfizer/BioNTech,6693331
Italy,3/25/2021,Moderna,417003
Italy,3/25/2021,Oxford/AstraZeneca,1579688
Italy,3/25/2021,Pfizer/BioNTech,6860607
Italy,3/26/2021,Moderna,435746
Italy,3/26/2021,Oxford/AstraZeneca,1658266
Italy,3/26/2021,Pfizer/BioNTech,7027363
Italy,3/27/2021,Moderna,464155
Italy,3/27/2021,Oxford/AstraZeneca,1724938
Italy,3/27/2021,Pfizer/BioNTech,7169637
Italy,3/28/2021,Moderna,481198
Italy,3/28/2021,Oxford/AstraZeneca,1779888
Italy,3/28/2021,Pfizer/BioNTech,7258920
Italy,3/29/2021,Moderna,505496
Italy,3/29/2021,Oxford/AstraZeneca,1848909
Italy,3/29/2021,Pfizer/BioNTech,7403409
Italy,3/30/2021,Moderna,534010
Italy,3/30/2021,Oxford/AstraZeneca,1919502
Italy,3/30/2021,Pfizer/BioNTech,7566440
Italy,3/31/2021,Moderna,556850
Italy,3/31/2021,Oxford/AstraZeneca,1986981
Italy,3/31/2021,Pfizer/BioNTech,7774945
Italy,4/1/2021,Moderna,581569
Italy,4/1/2021,Oxford/AstraZeneca,2038875
Italy,4/1/2021,Pfizer/BioNTech,7978361
Italy,4/2/2021,Moderna,611429
Italy,4/2/2021,Oxford/AstraZeneca,2102945
Italy,4/2/2021,Pfizer/BioNTech,8160611
Italy,4/3/2021,Moderna,646931
Italy,4/3/2021,Oxford/AstraZeneca,2148220
Italy,4/3/2021,Pfizer/BioNTech,8305056
Italy,4/4/2021,Moderna,658973
Italy,4/4/2021,Oxford/AstraZeneca,2186312
Italy,4/4/2021,Pfizer/BioNTech,8350737
Italy,4/5/2021,Moderna,678918
Italy,4/5/2021,Oxford/AstraZeneca,2244982
Italy,4/5/2021,Pfizer/BioNTech,8441619
Italy,4/6/2021,Moderna,717836
Italy,4/6/2021,Oxford/AstraZeneca,2327655
Italy,4/6/2021,Pfizer/BioNTech,8598619
Italy,4/7/2021,Moderna,746736
Italy,4/7/2021,Oxford/AstraZeneca,2406668
Italy,4/7/2021,Pfizer/BioNTech,8807784
Italy,4/8/2021,Moderna,778810
Italy,4/8/2021,Oxford/AstraZeneca,2461064
Italy,4/8/2021,Pfizer/BioNTech,9045232
Italy,4/9/2021,Moderna,812902
Italy,4/9/2021,Oxford/AstraZeneca,2512381
Italy,4/9/2021,Pfizer/BioNTech,9286825
Italy,4/10/2021,Moderna,851172
Italy,4/10/2021,Oxford/AstraZeneca,2572154
Italy,4/10/2021,Pfizer/BioNTech,9501184
Italy,4/11/2021,Moderna,868402
Italy,4/11/2021,Oxford/AstraZeneca,2609199
Italy,4/11/2021,Pfizer/BioNTech,9645332
Italy,4/12/2021,Moderna,892110
Italy,4/12/2021,Oxford/AstraZeneca,2686646
Italy,4/12/2021,Pfizer/BioNTech,9805318
Italy,4/13/2021,Moderna,918101
Italy,4/13/2021,Oxford/AstraZeneca,2780231
Italy,4/13/2021,Pfizer/BioNTech,9965774
Italy,4/14/2021,Moderna,943161
Italy,4/14/2021,Oxford/AstraZeneca,2877547
Italy,4/14/2021,Pfizer/BioNTech,10152926
Italy,4/15/2021,Moderna,965925
Italy,4/15/2021,Oxford/AstraZeneca,2963853
Italy,4/15/2021,Pfizer/BioNTech,10376955
Italy,4/16/2021,Moderna,984724
Italy,4/16/2021,Oxford/AstraZeneca,3068065
Italy,4/16/2021,Pfizer/BioNTech,10613201
Italy,4/17/2021,Moderna,1001999
Italy,4/17/2021,Oxford/AstraZeneca,3172077
Italy,4/17/2021,Pfizer/BioNTech,10824302
Latvia,12/28/2020,Pfizer/BioNTech,596
Latvia,12/29/2020,Pfizer/BioNTech,1469
Latvia,12/30/2020,Pfizer/BioNTech,2260
Latvia,1/4/2021,Pfizer/BioNTech,2959
Latvia,1/5/2021,Pfizer/BioNTech,3848
Latvia,1/6/2021,Pfizer/BioNTech,4624
Latvia,1/7/2021,Pfizer/BioNTech,5433
Latvia,1/8/2021,Pfizer/BioNTech,6339
Latvia,1/9/2021,Pfizer/BioNTech,6644
Latvia,1/10/2021,Pfizer/BioNTech,6980
Latvia,1/11/2021,Pfizer/BioNTech,8347
Latvia,1/12/2021,Pfizer/BioNTech,9974
Latvia,1/13/2021,Moderna,130
Latvia,1/13/2021,Pfizer/BioNTech,11355
Latvia,1/14/2021,Moderna,552
Latvia,1/14/2021,Pfizer/BioNTech,12755
Latvia,1/15/2021,Moderna,912
Latvia,1/15/2021,Pfizer/BioNTech,14268
Latvia,1/16/2021,Moderna,942
Latvia,1/16/2021,Pfizer/BioNTech,14906
Latvia,1/17/2021,Pfizer/BioNTech,15023
Latvia,1/18/2021,Moderna,1086
Latvia,1/18/2021,Pfizer/BioNTech,15723
Latvia,1/19/2021,Moderna,1147
Latvia,1/19/2021,Pfizer/BioNTech,16538
Latvia,1/20/2021,Moderna,1157
Latvia,1/20/2021,Pfizer/BioNTech,17298
Latvia,1/21/2021,Pfizer/BioNTech,17577
Latvia,1/22/2021,Moderna,1177
Latvia,1/22/2021,Pfizer/BioNTech,17772
Latvia,1/23/2021,Pfizer/BioNTech,17898
Latvia,1/25/2021,Pfizer/BioNTech,18565
Latvia,1/26/2021,Moderna,1188
Latvia,1/26/2021,Pfizer/BioNTech,19402
Latvia,1/27/2021,Pfizer/BioNTech,20220
Latvia,1/28/2021,Pfizer/BioNTech,21001
Latvia,1/29/2021,Moderna,1199
Latvia,1/29/2021,Pfizer/BioNTech,21952
Latvia,1/30/2021,Pfizer/BioNTech,22260
Latvia,1/31/2021,Pfizer/BioNTech,22594
Latvia,2/1/2021,Pfizer/BioNTech,23781
Latvia,2/2/2021,Moderna,1319
Latvia,2/2/2021,Oxford/AstraZeneca,1
Latvia,2/2/2021,Pfizer/BioNTech,25470
Latvia,2/3/2021,Moderna,1539
Latvia,2/3/2021,Pfizer/BioNTech,26872
Latvia,2/4/2021,Moderna,1650
Latvia,2/4/2021,Pfizer/BioNTech,28264
Latvia,2/5/2021,Moderna,1740
Latvia,2/5/2021,Pfizer/BioNTech,29841
Latvia,2/6/2021,Pfizer/BioNTech,30407
Latvia,2/7/2021,Pfizer/BioNTech,30532
Latvia,2/8/2021,Moderna,1780
Latvia,2/8/2021,Pfizer/BioNTech,30903
Latvia,2/9/2021,Moderna,1800
Latvia,2/9/2021,Oxford/AstraZeneca,21
Latvia,2/9/2021,Pfizer/BioNTech,31047
Latvia,2/10/2021,Moderna,1927
Latvia,2/10/2021,Oxford/AstraZeneca,436
Latvia,2/10/2021,Pfizer/BioNTech,31133
Latvia,2/11/2021,Moderna,2309
Latvia,2/11/2021,Oxford/AstraZeneca,1529
Latvia,2/11/2021,Pfizer/BioNTech,31441
Latvia,2/12/2021,Moderna,2648
Latvia,2/12/2021,Oxford/AstraZeneca,2693
Latvia,2/12/2021,Pfizer/BioNTech,31667
Latvia,2/13/2021,Moderna,2698
Latvia,2/13/2021,Oxford/AstraZeneca,2915
Latvia,2/13/2021,Pfizer/BioNTech,31796
Latvia,2/14/2021,Moderna,2718
Latvia,2/14/2021,Oxford/AstraZeneca,2916
Latvia,2/15/2021,Moderna,2869
Latvia,2/15/2021,Oxford/AstraZeneca,3612
Latvia,2/15/2021,Pfizer/BioNTech,31823
Latvia,2/16/2021,Moderna,3088
Latvia,2/16/2021,Oxford/AstraZeneca,4756
Latvia,2/16/2021,Pfizer/BioNTech,31841
Latvia,2/17/2021,Moderna,3220
Latvia,2/17/2021,Oxford/AstraZeneca,6462
Latvia,2/17/2021,Pfizer/BioNTech,31995
Latvia,2/18/2021,Moderna,3458
Latvia,2/18/2021,Oxford/AstraZeneca,7713
Latvia,2/18/2021,Pfizer/BioNTech,32054
Latvia,2/19/2021,Moderna,3666
Latvia,2/19/2021,Oxford/AstraZeneca,8800
Latvia,2/19/2021,Pfizer/BioNTech,32110
Latvia,2/20/2021,Moderna,3685
Latvia,2/20/2021,Oxford/AstraZeneca,9552
Latvia,2/21/2021,Oxford/AstraZeneca,10360
Latvia,2/22/2021,Moderna,3929
Latvia,2/22/2021,Oxford/AstraZeneca,11868
Latvia,2/22/2021,Pfizer/BioNTech,32142
Latvia,2/23/2021,Moderna,4150
Latvia,2/23/2021,Oxford/AstraZeneca,14000
Latvia,2/23/2021,Pfizer/BioNTech,32169
Latvia,2/24/2021,Moderna,4301
Latvia,2/24/2021,Oxford/AstraZeneca,18121
Latvia,2/24/2021,Pfizer/BioNTech,32207
Latvia,2/25/2021,Moderna,4561
Latvia,2/25/2021,Oxford/AstraZeneca,21946
Latvia,2/25/2021,Pfizer/BioNTech,32297
Latvia,2/26/2021,Moderna,4775
Latvia,2/26/2021,Oxford/AstraZeneca,24965
Latvia,2/26/2021,Pfizer/BioNTech,32428
Latvia,2/27/2021,Moderna,5095
Latvia,2/27/2021,Oxford/AstraZeneca,25222
Latvia,2/27/2021,Pfizer/BioNTech,32437
Latvia,2/28/2021,Moderna,5096
Latvia,2/28/2021,Oxford/AstraZeneca,25352
Latvia,3/1/2021,Moderna,5478
Latvia,3/1/2021,Oxford/AstraZeneca,26486
Latvia,3/1/2021,Pfizer/BioNTech,32678
Latvia,3/2/2021,Moderna,6200
Latvia,3/2/2021,Oxford/AstraZeneca,27616
Latvia,3/2/2021,Pfizer/BioNTech,33002
Latvia,3/3/2021,Moderna,6948
Latvia,3/3/2021,Oxford/AstraZeneca,30315
Latvia,3/3/2021,Pfizer/BioNTech,33651
Latvia,3/4/2021,Moderna,7475
Latvia,3/4/2021,Oxford/AstraZeneca,35230
Latvia,3/4/2021,Pfizer/BioNTech,34176
Latvia,3/5/2021,Moderna,7951
Latvia,3/5/2021,Oxford/AstraZeneca,39209
Latvia,3/5/2021,Pfizer/BioNTech,34525
Latvia,3/6/2021,Moderna,8035
Latvia,3/6/2021,Oxford/AstraZeneca,39894
Latvia,3/7/2021,Oxford/AstraZeneca,39968
Latvia,3/8/2021,Moderna,8297
Latvia,3/8/2021,Oxford/AstraZeneca,41399
Latvia,3/9/2021,Moderna,8653
Latvia,3/9/2021,Oxford/AstraZeneca,43147
Latvia,3/9/2021,Pfizer/BioNTech,34764
Latvia,3/10/2021,Moderna,8933
Latvia,3/10/2021,Oxford/AstraZeneca,44763
Latvia,3/10/2021,Pfizer/BioNTech,35326
Latvia,3/11/2021,Moderna,9088
Latvia,3/11/2021,Oxford/AstraZeneca,47097
Latvia,3/11/2021,Pfizer/BioNTech,35470
Latvia,3/12/2021,Moderna,9221
Latvia,3/12/2021,Oxford/AstraZeneca,51850
Latvia,3/12/2021,Pfizer/BioNTech,35511
Latvia,3/13/2021,Moderna,9291
Latvia,3/13/2021,Oxford/AstraZeneca,52682
Latvia,3/14/2021,Oxford/AstraZeneca,52754
Latvia,3/15/2021,Moderna,9392
Latvia,3/15/2021,Oxford/AstraZeneca,56373
Latvia,3/16/2021,Moderna,9554
Latvia,3/16/2021,Oxford/AstraZeneca,56377
Latvia,3/16/2021,Pfizer/BioNTech,35521
Latvia,3/17/2021,Moderna,9714
Latvia,3/17/2021,Oxford/AstraZeneca,56378
Latvia,3/17/2021,Pfizer/BioNTech,35527
Latvia,3/18/2021,Moderna,9934
Latvia,3/18/2021,Pfizer/BioNTech,35580
Latvia,3/19/2021,Moderna,10227
Latvia,3/19/2021,Oxford/AstraZeneca,56691
Latvia,3/19/2021,Pfizer/BioNTech,35674
Latvia,3/20/2021,Moderna,10277
Latvia,3/20/2021,Oxford/AstraZeneca,57041
Latvia,3/21/2021,Oxford/AstraZeneca,57065
Latvia,3/22/2021,Moderna,10882
Latvia,3/22/2021,Oxford/AstraZeneca,59065
Latvia,3/23/2021,Moderna,12075
Latvia,3/23/2021,Oxford/AstraZeneca,63121
Latvia,3/23/2021,Pfizer/BioNTech,35867
Latvia,3/24/2021,Moderna,13541
Latvia,3/24/2021,Oxford/AstraZeneca,67210
Latvia,3/24/2021,Pfizer/BioNTech,36407
Latvia,3/25/2021,Moderna,15130
Latvia,3/25/2021,Oxford/AstraZeneca,70479
Latvia,3/25/2021,Pfizer/BioNTech,36887
Latvia,3/26/2021,Moderna,16785
Latvia,3/26/2021,Oxford/AstraZeneca,72337
Latvia,3/26/2021,Pfizer/BioNTech,37334
Latvia,3/27/2021,Moderna,17187
Latvia,3/27/2021,Oxford/AstraZeneca,72498
Latvia,3/28/2021,Oxford/AstraZeneca,72526
Latvia,3/29/2021,Moderna,18183
Latvia,3/29/2021,Oxford/AstraZeneca,73603
Latvia,3/30/2021,Moderna,19471
Latvia,3/30/2021,Oxford/AstraZeneca,76330
Latvia,3/30/2021,Pfizer/BioNTech,38307
Latvia,3/31/2021,Moderna,20807
Latvia,3/31/2021,Oxford/AstraZeneca,79002
Latvia,3/31/2021,Pfizer/BioNTech,39990
Latvia,4/1/2021,Moderna,22283
Latvia,4/1/2021,Oxford/AstraZeneca,81008
Latvia,4/1/2021,Pfizer/BioNTech,40611
Latvia,4/2/2021,Moderna,22525
Latvia,4/2/2021,Oxford/AstraZeneca,81326
Latvia,4/2/2021,Pfizer/BioNTech,40612
Latvia,4/3/2021,Moderna,22676
Latvia,4/3/2021,Oxford/AstraZeneca,84391
Latvia,4/3/2021,Pfizer/BioNTech,40747
Latvia,4/4/2021,Moderna,22684
Latvia,4/4/2021,Oxford/AstraZeneca,86006
Latvia,4/5/2021,Moderna,22813
Latvia,4/5/2021,Oxford/AstraZeneca,88371
Latvia,4/6/2021,Moderna,24438
Latvia,4/6/2021,Oxford/AstraZeneca,91570
Latvia,4/6/2021,Pfizer/BioNTech,40797
Latvia,4/7/2021,Moderna,26841
Latvia,4/7/2021,Oxford/AstraZeneca,98013
Latvia,4/7/2021,Pfizer/BioNTech,40917
Latvia,4/8/2021,Moderna,28821
Latvia,4/8/2021,Oxford/AstraZeneca,102566
Latvia,4/8/2021,Pfizer/BioNTech,41375
Latvia,4/9/2021,Moderna,30219
Latvia,4/9/2021,Oxford/AstraZeneca,105644
Latvia,4/9/2021,Pfizer/BioNTech,41669
Latvia,4/10/2021,Moderna,30340
Latvia,4/10/2021,Oxford/AstraZeneca,107021
Latvia,4/10/2021,Pfizer/BioNTech,41716
Latvia,4/11/2021,Oxford/AstraZeneca,107107
Latvia,4/12/2021,Moderna,30889
Latvia,4/12/2021,Oxford/AstraZeneca,108500
Latvia,4/12/2021,Pfizer/BioNTech,42130
Latvia,4/13/2021,Moderna,31767
Latvia,4/13/2021,Oxford/AstraZeneca,109992
Latvia,4/13/2021,Pfizer/BioNTech,43354
Latvia,4/14/2021,Moderna,33610
Latvia,4/14/2021,Oxford/AstraZeneca,111955
Latvia,4/14/2021,Pfizer/BioNTech,45662
Latvia,4/15/2021,Moderna,35372
Latvia,4/15/2021,Oxford/AstraZeneca,113645
Latvia,4/15/2021,Pfizer/BioNTech,47628
Latvia,4/16/2021,Moderna,36185
Latvia,4/16/2021,Oxford/AstraZeneca,116705
Latvia,4/16/2021,Pfizer/BioNTech,49968
Latvia,4/17/2021,Moderna,36382
Latvia,4/17/2021,Oxford/AstraZeneca,119491
Latvia,4/17/2021,Pfizer/BioNTech,50545
Lithuania,12/27/2020,Pfizer/BioNTech,2420
Lithuania,12/28/2020,Pfizer/BioNTech,5207
Lithuania,12/29/2020,Pfizer/BioNTech,8194
Lithuania,12/30/2020,Pfizer/BioNTech,9726
Lithuania,12/31/2020,Pfizer/BioNTech,9751
Lithuania,1/4/2021,Pfizer/BioNTech,9752
Lithuania,1/5/2021,Pfizer/BioNTech,10375
Lithuania,1/6/2021,Pfizer/BioNTech,13875
Lithuania,1/7/2021,Pfizer/BioNTech,18030
Lithuania,1/8/2021,Pfizer/BioNTech,23203
Lithuania,1/9/2021,Pfizer/BioNTech,23507
Lithuania,1/10/2021,Pfizer/BioNTech,23510
Lithuania,1/11/2021,Pfizer/BioNTech,25719
Lithuania,1/12/2021,Pfizer/BioNTech,27806
Lithuania,1/13/2021,Moderna,163
Lithuania,1/13/2021,Pfizer/BioNTech,33877
Lithuania,1/14/2021,Moderna,471
Lithuania,1/14/2021,Pfizer/BioNTech,42197
Lithuania,1/15/2021,Moderna,1041
Lithuania,1/15/2021,Pfizer/BioNTech,48899
Lithuania,1/16/2021,Pfizer/BioNTech,50002
Lithuania,1/17/2021,Moderna,1042
Lithuania,1/17/2021,Pfizer/BioNTech,51132
Lithuania,1/18/2021,Moderna,1578
Lithuania,1/18/2021,Pfizer/BioNTech,55111
Lithuania,1/19/2021,Moderna,2074
Lithuania,1/19/2021,Pfizer/BioNTech,60902
Lithuania,1/20/2021,Moderna,2312
Lithuania,1/20/2021,Pfizer/BioNTech,64133
Lithuania,1/21/2021,Moderna,2372
Lithuania,1/21/2021,Pfizer/BioNTech,65622
Lithuania,1/22/2021,Pfizer/BioNTech,66015
Lithuania,1/23/2021,Pfizer/BioNTech,66023
Lithuania,1/25/2021,Pfizer/BioNTech,66125
Lithuania,1/26/2021,Pfizer/BioNTech,69226
Lithuania,1/27/2021,Pfizer/BioNTech,76112
Lithuania,1/28/2021,Pfizer/BioNTech,83183
Lithuania,1/29/2021,Pfizer/BioNTech,91236
Lithuania,1/30/2021,Pfizer/BioNTech,91865
Lithuania,1/31/2021,Pfizer/BioNTech,91873
Lithuania,2/1/2021,Pfizer/BioNTech,94755
Lithuania,2/2/2021,Moderna,2693
Lithuania,2/2/2021,Pfizer/BioNTech,98296
Lithuania,2/3/2021,Moderna,3320
Lithuania,2/3/2021,Pfizer/BioNTech,104458
Lithuania,2/4/2021,Moderna,3884
Lithuania,2/4/2021,Oxford/AstraZeneca,1
Lithuania,2/4/2021,Pfizer/BioNTech,113728
Lithuania,2/5/2021,Moderna,4029
Lithuania,2/5/2021,Pfizer/BioNTech,120832
Lithuania,2/6/2021,Pfizer/BioNTech,121558
Lithuania,2/7/2021,Pfizer/BioNTech,121655
Lithuania,2/8/2021,Moderna,4117
Lithuania,2/8/2021,Pfizer/BioNTech,124218
Lithuania,2/9/2021,Moderna,4358
Lithuania,2/9/2021,Oxford/AstraZeneca,300
Lithuania,2/9/2021,Pfizer/BioNTech,126525
Lithuania,2/10/2021,Moderna,4668
Lithuania,2/10/2021,Oxford/AstraZeneca,3023
Lithuania,2/10/2021,Pfizer/BioNTech,129641
Lithuania,2/11/2021,Moderna,5100
Lithuania,2/11/2021,Oxford/AstraZeneca,5515
Lithuania,2/11/2021,Pfizer/BioNTech,135760
Lithuania,2/12/2021,Moderna,5716
Lithuania,2/12/2021,Oxford/AstraZeneca,7448
Lithuania,2/12/2021,Pfizer/BioNTech,140489
Lithuania,2/13/2021,Moderna,5721
Lithuania,2/13/2021,Oxford/AstraZeneca,7757
Lithuania,2/13/2021,Pfizer/BioNTech,140621
Lithuania,2/15/2021,Moderna,6970
Lithuania,2/15/2021,Oxford/AstraZeneca,9602
Lithuania,2/15/2021,Pfizer/BioNTech,142169
Lithuania,2/16/2021,Pfizer/BioNTech,142700
Lithuania,2/17/2021,Moderna,8323
Lithuania,2/17/2021,Oxford/AstraZeneca,10574
Lithuania,2/17/2021,Pfizer/BioNTech,148619
Lithuania,2/18/2021,Moderna,8858
Lithuania,2/18/2021,Oxford/AstraZeneca,12048
Lithuania,2/18/2021,Pfizer/BioNTech,157929
Lithuania,2/19/2021,Moderna,9335
Lithuania,2/19/2021,Oxford/AstraZeneca,14804
Lithuania,2/19/2021,Pfizer/BioNTech,165141
Lithuania,2/20/2021,Oxford/AstraZeneca,15109
Lithuania,2/20/2021,Pfizer/BioNTech,165845
Lithuania,2/22/2021,Moderna,9504
Lithuania,2/22/2021,Oxford/AstraZeneca,17177
Lithuania,2/22/2021,Pfizer/BioNTech,169080
Lithuania,2/23/2021,Moderna,9917
Lithuania,2/23/2021,Oxford/AstraZeneca,19173
Lithuania,2/23/2021,Pfizer/BioNTech,175296
Lithuania,2/24/2021,Moderna,10050
Lithuania,2/24/2021,Oxford/AstraZeneca,21877
Lithuania,2/24/2021,Pfizer/BioNTech,184125
Lithuania,2/25/2021,Moderna,10761
Lithuania,2/25/2021,Oxford/AstraZeneca,25948
Lithuania,2/25/2021,Pfizer/BioNTech,191160
Lithuania,2/26/2021,Moderna,12264
Lithuania,2/26/2021,Oxford/AstraZeneca,30206
Lithuania,2/26/2021,Pfizer/BioNTech,195372
Lithuania,2/27/2021,Oxford/AstraZeneca,30763
Lithuania,2/27/2021,Pfizer/BioNTech,195514
Lithuania,2/28/2021,Oxford/AstraZeneca,31122
Lithuania,2/28/2021,Pfizer/BioNTech,195565
Lithuania,3/1/2021,Moderna,15724
Lithuania,3/1/2021,Oxford/AstraZeneca,33919
Lithuania,3/1/2021,Pfizer/BioNTech,196838
Lithuania,3/2/2021,Moderna,17608
Lithuania,3/2/2021,Oxford/AstraZeneca,35587
Lithuania,3/2/2021,Pfizer/BioNTech,202614
Lithuania,3/3/2021,Moderna,19406
Lithuania,3/3/2021,Oxford/AstraZeneca,38715
Lithuania,3/3/2021,Pfizer/BioNTech,209592
Lithuania,3/4/2021,Moderna,20471
Lithuania,3/4/2021,Oxford/AstraZeneca,42167
Lithuania,3/4/2021,Pfizer/BioNTech,220427
Lithuania,3/5/2021,Moderna,21051
Lithuania,3/5/2021,Oxford/AstraZeneca,46431
Lithuania,3/5/2021,Pfizer/BioNTech,229515
Lithuania,3/6/2021,Moderna,21139
Lithuania,3/6/2021,Oxford/AstraZeneca,46694
Lithuania,3/6/2021,Pfizer/BioNTech,229789
Lithuania,3/7/2021,Pfizer/BioNTech,229790
Lithuania,3/8/2021,Moderna,21621
Lithuania,3/8/2021,Oxford/AstraZeneca,53376
Lithuania,3/8/2021,Pfizer/BioNTech,231518
Lithuania,3/9/2021,Moderna,22586
Lithuania,3/9/2021,Oxford/AstraZeneca,56131
Lithuania,3/9/2021,Pfizer/BioNTech,239657
Lithuania,3/10/2021,Moderna,22779
Lithuania,3/10/2021,Oxford/AstraZeneca,62142
Lithuania,3/10/2021,Pfizer/BioNTech,249051
Lithuania,3/11/2021,Oxford/AstraZeneca,62498
Lithuania,3/11/2021,Pfizer/BioNTech,249831
Lithuania,3/12/2021,Moderna,23033
Lithuania,3/12/2021,Oxford/AstraZeneca,68694
Lithuania,3/12/2021,Pfizer/BioNTech,261279
Lithuania,3/13/2021,Oxford/AstraZeneca,68982
Lithuania,3/13/2021,Pfizer/BioNTech,262736
Lithuania,3/14/2021,Oxford/AstraZeneca,68990
Lithuania,3/14/2021,Pfizer/BioNTech,262752
Lithuania,3/15/2021,Moderna,23133
Lithuania,3/15/2021,Oxford/AstraZeneca,74747
Lithuania,3/15/2021,Pfizer/BioNTech,264867
Lithuania,3/16/2021,Moderna,23335
Lithuania,3/16/2021,Oxford/AstraZeneca,78075
Lithuania,3/16/2021,Pfizer/BioNTech,271532
Lithuania,3/17/2021,Moderna,23441
Lithuania,3/17/2021,Oxford/AstraZeneca,78171
Lithuania,3/17/2021,Pfizer/BioNTech,281855
Lithuania,3/18/2021,Moderna,23572
Lithuania,3/18/2021,Oxford/AstraZeneca,78198
Lithuania,3/18/2021,Pfizer/BioNTech,290075
Lithuania,3/19/2021,Moderna,25781
Lithuania,3/19/2021,Oxford/AstraZeneca,78723
Lithuania,3/19/2021,Pfizer/BioNTech,296587
Lithuania,3/20/2021,Moderna,26315
Lithuania,3/20/2021,Pfizer/BioNTech,296787
Lithuania,3/21/2021,Moderna,26317
Lithuania,3/21/2021,Pfizer/BioNTech,296817
Lithuania,3/22/2021,Moderna,31114
Lithuania,3/22/2021,Oxford/AstraZeneca,81013
Lithuania,3/22/2021,Pfizer/BioNTech,297934
Lithuania,3/23/2021,Moderna,32671
Lithuania,3/23/2021,Oxford/AstraZeneca,83777
Lithuania,3/23/2021,Pfizer/BioNTech,306456
Lithuania,3/24/2021,Moderna,33785
Lithuania,3/24/2021,Oxford/AstraZeneca,88364
Lithuania,3/24/2021,Pfizer/BioNTech,318340
Lithuania,3/25/2021,Moderna,34790
Lithuania,3/25/2021,Oxford/AstraZeneca,92802
Lithuania,3/25/2021,Pfizer/BioNTech,329845
Lithuania,3/26/2021,Moderna,36414
Lithuania,3/26/2021,Oxford/AstraZeneca,98351
Lithuania,3/26/2021,Pfizer/BioNTech,339069
Lithuania,3/27/2021,Moderna,36490
Lithuania,3/27/2021,Oxford/AstraZeneca,101170
Lithuania,3/27/2021,Pfizer/BioNTech,339319
Lithuania,3/28/2021,Oxford/AstraZeneca,101270
Lithuania,3/28/2021,Pfizer/BioNTech,339403
Lithuania,3/29/2021,Moderna,37911
Lithuania,3/29/2021,Oxford/AstraZeneca,106722
Lithuania,3/29/2021,Pfizer/BioNTech,340390
Lithuania,3/30/2021,Moderna,38093
Lithuania,3/30/2021,Oxford/AstraZeneca,109201
Lithuania,3/30/2021,Pfizer/BioNTech,350526
Lithuania,3/31/2021,Moderna,39527
Lithuania,3/31/2021,Oxford/AstraZeneca,111253
Lithuania,3/31/2021,Pfizer/BioNTech,367697
Lithuania,4/1/2021,Moderna,46726
Lithuania,4/1/2021,Oxford/AstraZeneca,114090
Lithuania,4/1/2021,Pfizer/BioNTech,375797
Lithuania,4/2/2021,Moderna,53211
Lithuania,4/2/2021,Oxford/AstraZeneca,119743
Lithuania,4/2/2021,Pfizer/BioNTech,383298
Lithuania,4/3/2021,Moderna,53404
Lithuania,4/3/2021,Oxford/AstraZeneca,127447
Lithuania,4/3/2021,Pfizer/BioNTech,384058
Lithuania,4/4/2021,Oxford/AstraZeneca,129850
Lithuania,4/4/2021,Pfizer/BioNTech,384064
Lithuania,4/5/2021,Moderna,53414
Lithuania,4/5/2021,Oxford/AstraZeneca,133360
Lithuania,4/5/2021,Pfizer/BioNTech,384257
Lithuania,4/6/2021,Moderna,56078
Lithuania,4/6/2021,Oxford/AstraZeneca,143925
Lithuania,4/6/2021,Pfizer/BioNTech,385691
Lithuania,4/7/2021,Moderna,57329
Lithuania,4/7/2021,Oxford/AstraZeneca,153807
Lithuania,4/7/2021,Pfizer/BioNTech,387231
Lithuania,4/8/2021,Moderna,58711
Lithuania,4/8/2021,Oxford/AstraZeneca,156513
Lithuania,4/8/2021,Pfizer/BioNTech,409915
Lithuania,4/9/2021,Moderna,59140
Lithuania,4/9/2021,Oxford/AstraZeneca,161743
Lithuania,4/9/2021,Pfizer/BioNTech,437590
Lithuania,4/10/2021,Moderna,59216
Lithuania,4/10/2021,Oxford/AstraZeneca,165919
Lithuania,4/10/2021,Pfizer/BioNTech,448906
Lithuania,4/11/2021,Moderna,59270
Lithuania,4/11/2021,Oxford/AstraZeneca,166537
Lithuania,4/11/2021,Pfizer/BioNTech,449949
Lithuania,4/12/2021,Moderna,59564
Lithuania,4/12/2021,Oxford/AstraZeneca,170511
Lithuania,4/12/2021,Pfizer/BioNTech,454405
Lithuania,4/13/2021,Moderna,59965
Lithuania,4/13/2021,Oxford/AstraZeneca,173034
Lithuania,4/13/2021,Pfizer/BioNTech,470164
Lithuania,4/14/2021,Moderna,60177
Lithuania,4/14/2021,Oxford/AstraZeneca,174011
Lithuania,4/14/2021,Pfizer/BioNTech,495265
Lithuania,4/15/2021,Moderna,60422
Lithuania,4/15/2021,Oxford/AstraZeneca,177038
Lithuania,4/15/2021,Pfizer/BioNTech,514462
Lithuania,4/16/2021,Moderna,60689
Lithuania,4/16/2021,Oxford/AstraZeneca,182989
Lithuania,4/16/2021,Pfizer/BioNTech,527724
Lithuania,4/17/2021,Oxford/AstraZeneca,183878
Lithuania,4/17/2021,Pfizer/BioNTech,528468
Romania,12/27/2020,Moderna,0
Romania,12/27/2020,Oxford/AstraZeneca,0
Romania,12/27/2020,Pfizer/BioNTech,965
Romania,12/28/2020,Moderna,0
Romania,12/28/2020,Oxford/AstraZeneca,0
Romania,12/28/2020,Pfizer/BioNTech,2066
Romania,12/29/2020,Moderna,0
Romania,12/29/2020,Oxford/AstraZeneca,0
Romania,12/29/2020,Pfizer/BioNTech,2778
Romania,12/30/2020,Moderna,0
Romania,12/30/2020,Oxford/AstraZeneca,0
Romania,12/30/2020,Pfizer/BioNTech,5666
Romania,12/31/2020,Moderna,0
Romania,12/31/2020,Oxford/AstraZeneca,0
Romania,12/31/2020,Pfizer/BioNTech,10289
Romania,1/1/2021,Moderna,0
Romania,1/1/2021,Oxford/AstraZeneca,0
Romania,1/1/2021,Pfizer/BioNTech,11656
Romania,1/2/2021,Moderna,0
Romania,1/2/2021,Oxford/AstraZeneca,0
Romania,1/2/2021,Pfizer/BioNTech,13242
Romania,1/3/2021,Moderna,0
Romania,1/3/2021,Oxford/AstraZeneca,0
Romania,1/3/2021,Pfizer/BioNTech,13596
Romania,1/4/2021,Moderna,0
Romania,1/4/2021,Oxford/AstraZeneca,0
Romania,1/4/2021,Pfizer/BioNTech,25508
Romania,1/5/2021,Moderna,0
Romania,1/5/2021,Oxford/AstraZeneca,0
Romania,1/5/2021,Pfizer/BioNTech,41609
Romania,1/6/2021,Moderna,0
Romania,1/6/2021,Oxford/AstraZeneca,0
Romania,1/6/2021,Pfizer/BioNTech,58554
Romania,1/7/2021,Moderna,0
Romania,1/7/2021,Oxford/AstraZeneca,0
Romania,1/7/2021,Pfizer/BioNTech,76400
Romania,1/8/2021,Moderna,0
Romania,1/8/2021,Oxford/AstraZeneca,0
Romania,1/8/2021,Pfizer/BioNTech,92706
Romania,1/9/2021,Moderna,0
Romania,1/9/2021,Oxford/AstraZeneca,0
Romania,1/9/2021,Pfizer/BioNTech,102301
Romania,1/10/2021,Moderna,0
Romania,1/10/2021,Oxford/AstraZeneca,0
Romania,1/10/2021,Pfizer/BioNTech,108294
Romania,1/11/2021,Moderna,0
Romania,1/11/2021,Oxford/AstraZeneca,0
Romania,1/11/2021,Pfizer/BioNTech,125190
Romania,1/12/2021,Moderna,0
Romania,1/12/2021,Oxford/AstraZeneca,0
Romania,1/12/2021,Pfizer/BioNTech,140447
Romania,1/13/2021,Moderna,0
Romania,1/13/2021,Oxford/AstraZeneca,0
Romania,1/13/2021,Pfizer/BioNTech,154268
Romania,1/14/2021,Moderna,0
Romania,1/14/2021,Oxford/AstraZeneca,0
Romania,1/14/2021,Pfizer/BioNTech,168089
Romania,1/15/2021,Moderna,0
Romania,1/15/2021,Oxford/AstraZeneca,0
Romania,1/15/2021,Pfizer/BioNTech,184146
Romania,1/16/2021,Moderna,0
Romania,1/16/2021,Oxford/AstraZeneca,0
Romania,1/16/2021,Pfizer/BioNTech,196567
Romania,1/17/2021,Moderna,0
Romania,1/17/2021,Oxford/AstraZeneca,0
Romania,1/17/2021,Pfizer/BioNTech,204662
Romania,1/18/2021,Moderna,0
Romania,1/18/2021,Oxford/AstraZeneca,0
Romania,1/18/2021,Pfizer/BioNTech,234899
Romania,1/19/2021,Moderna,0
Romania,1/19/2021,Oxford/AstraZeneca,0
Romania,1/19/2021,Pfizer/BioNTech,269706
Romania,1/20/2021,Moderna,0
Romania,1/20/2021,Oxford/AstraZeneca,0
Romania,1/20/2021,Pfizer/BioNTech,308044
Romania,1/21/2021,Moderna,0
Romania,1/21/2021,Oxford/AstraZeneca,0
Romania,1/21/2021,Pfizer/BioNTech,347756
Romania,1/22/2021,Moderna,0
Romania,1/22/2021,Oxford/AstraZeneca,0
Romania,1/22/2021,Pfizer/BioNTech,385596
Romania,1/23/2021,Moderna,0
Romania,1/23/2021,Oxford/AstraZeneca,0
Romania,1/23/2021,Pfizer/BioNTech,418545
Romania,1/24/2021,Moderna,0
Romania,1/24/2021,Oxford/AstraZeneca,0
Romania,1/24/2021,Pfizer/BioNTech,445945
Romania,1/25/2021,Moderna,0
Romania,1/25/2021,Oxford/AstraZeneca,0
Romania,1/25/2021,Pfizer/BioNTech,484291
Romania,1/26/2021,Moderna,0
Romania,1/26/2021,Oxford/AstraZeneca,0
Romania,1/26/2021,Pfizer/BioNTech,528038
Romania,1/27/2021,Moderna,0
Romania,1/27/2021,Oxford/AstraZeneca,0
Romania,1/27/2021,Pfizer/BioNTech,570364
Romania,1/28/2021,Moderna,0
Romania,1/28/2021,Oxford/AstraZeneca,0
Romania,1/28/2021,Pfizer/BioNTech,609056
Romania,1/29/2021,Moderna,0
Romania,1/29/2021,Oxford/AstraZeneca,0
Romania,1/29/2021,Pfizer/BioNTech,646660
Romania,1/30/2021,Moderna,0
Romania,1/30/2021,Oxford/AstraZeneca,0
Romania,1/30/2021,Pfizer/BioNTech,672056
Romania,1/31/2021,Moderna,0
Romania,1/31/2021,Oxford/AstraZeneca,0
Romania,1/31/2021,Pfizer/BioNTech,691075
Romania,2/1/2021,Moderna,0
Romania,2/1/2021,Oxford/AstraZeneca,0
Romania,2/1/2021,Pfizer/BioNTech,720844
Romania,2/2/2021,Moderna,0
Romania,2/2/2021,Oxford/AstraZeneca,0
Romania,2/2/2021,Pfizer/BioNTech,748392
Romania,2/3/2021,Moderna,0
Romania,2/3/2021,Oxford/AstraZeneca,0
Romania,2/3/2021,Pfizer/BioNTech,771862
Romania,2/4/2021,Moderna,6443
Romania,2/4/2021,Oxford/AstraZeneca,0
Romania,2/4/2021,Pfizer/BioNTech,788012
Romania,2/5/2021,Moderna,14944
Romania,2/5/2021,Oxford/AstraZeneca,0
Romania,2/5/2021,Pfizer/BioNTech,806268
Romania,2/6/2021,Moderna,23087
Romania,2/6/2021,Oxford/AstraZeneca,0
Romania,2/6/2021,Pfizer/BioNTech,817385
Romania,2/7/2021,Moderna,31026
Romania,2/7/2021,Oxford/AstraZeneca,0
Romania,2/7/2021,Pfizer/BioNTech,824956
Romania,2/8/2021,Moderna,35454
Romania,2/8/2021,Oxford/AstraZeneca,0
Romania,2/8/2021,Pfizer/BioNTech,855554
Romania,2/9/2021,Moderna,40399
Romania,2/9/2021,Oxford/AstraZeneca,0
Romania,2/9/2021,Pfizer/BioNTech,889416
Romania,2/10/2021,Moderna,44448
Romania,2/10/2021,Oxford/AstraZeneca,0
Romania,2/10/2021,Pfizer/BioNTech,926179
Romania,2/11/2021,Moderna,47769
Romania,2/11/2021,Oxford/AstraZeneca,0
Romania,2/11/2021,Pfizer/BioNTech,961312
Romania,2/12/2021,Moderna,51388
Romania,2/12/2021,Oxford/AstraZeneca,0
Romania,2/12/2021,Pfizer/BioNTech,997068
Romania,2/13/2021,Moderna,54855
Romania,2/13/2021,Oxford/AstraZeneca,0
Romania,2/13/2021,Pfizer/BioNTech,1028900
Romania,2/14/2021,Moderna,57881
Romania,2/14/2021,Oxford/AstraZeneca,0
Romania,2/14/2021,Pfizer/BioNTech,1055753
Romania,2/15/2021,Moderna,60916
Romania,2/15/2021,Oxford/AstraZeneca,6812
Romania,2/15/2021,Pfizer/BioNTech,1083043
Romania,2/16/2021,Moderna,63951
Romania,2/16/2021,Oxford/AstraZeneca,13624
Romania,2/16/2021,Pfizer/BioNTech,1111098
Romania,2/17/2021,Moderna,69323
Romania,2/17/2021,Oxford/AstraZeneca,22956
Romania,2/17/2021,Pfizer/BioNTech,1139713
Romania,2/18/2021,Moderna,71707
Romania,2/18/2021,Oxford/AstraZeneca,31858
Romania,2/18/2021,Pfizer/BioNTech,1168247
Romania,2/19/2021,Moderna,72378
Romania,2/19/2021,Oxford/AstraZeneca,41296
Romania,2/19/2021,Pfizer/BioNTech,1196266
Romania,2/20/2021,Moderna,72676
Romania,2/20/2021,Oxford/AstraZeneca,50440
Romania,2/20/2021,Pfizer/BioNTech,1219748
Romania,2/21/2021,Moderna,72791
Romania,2/21/2021,Oxford/AstraZeneca,58747
Romania,2/21/2021,Pfizer/BioNTech,1239270
Romania,2/22/2021,Moderna,72935
Romania,2/22/2021,Oxford/AstraZeneca,68534
Romania,2/22/2021,Pfizer/BioNTech,1259204
Romania,2/23/2021,Moderna,73010
Romania,2/23/2021,Oxford/AstraZeneca,78141
Romania,2/23/2021,Pfizer/BioNTech,1278866
Romania,2/24/2021,Moderna,73017
Romania,2/24/2021,Oxford/AstraZeneca,87871
Romania,2/24/2021,Pfizer/BioNTech,1297346
Romania,2/25/2021,Moderna,73020
Romania,2/25/2021,Oxford/AstraZeneca,98055
Romania,2/25/2021,Pfizer/BioNTech,1307417
Romania,2/26/2021,Moderna,73020
Romania,2/26/2021,Oxford/AstraZeneca,109339
Romania,2/26/2021,Pfizer/BioNTech,1315258
Romania,2/27/2021,Moderna,73020
Romania,2/27/2021,Oxford/AstraZeneca,119310
Romania,2/27/2021,Pfizer/BioNTech,1320991
Romania,2/28/2021,Moderna,73020
Romania,2/28/2021,Oxford/AstraZeneca,127371
Romania,2/28/2021,Pfizer/BioNTech,1324066
Romania,3/1/2021,Moderna,73020
Romania,3/1/2021,Oxford/AstraZeneca,136586
Romania,3/1/2021,Pfizer/BioNTech,1347000
Romania,3/2/2021,Moderna,73020
Romania,3/2/2021,Oxford/AstraZeneca,146051
Romania,3/2/2021,Pfizer/BioNTech,1375693
Romania,3/3/2021,Moderna,73020
Romania,3/3/2021,Oxford/AstraZeneca,154730
Romania,3/3/2021,Pfizer/BioNTech,1405699
Romania,3/4/2021,Moderna,79862
Romania,3/4/2021,Oxford/AstraZeneca,162337
Romania,3/4/2021,Pfizer/BioNTech,1434988
Romania,3/5/2021,Moderna,88224
Romania,3/5/2021,Oxford/AstraZeneca,170102
Romania,3/5/2021,Pfizer/BioNTech,1466214
Romania,3/6/2021,Moderna,96530
Romania,3/6/2021,Oxford/AstraZeneca,177516
Romania,3/6/2021,Pfizer/BioNTech,1499132
Romania,3/7/2021,Moderna,104227
Romania,3/7/2021,Oxford/AstraZeneca,184012
Romania,3/7/2021,Pfizer/BioNTech,1530123
Romania,3/8/2021,Moderna,108871
Romania,3/8/2021,Oxford/AstraZeneca,190326
Romania,3/8/2021,Pfizer/BioNTech,1562623
Romania,3/9/2021,Moderna,113813
Romania,3/9/2021,Oxford/AstraZeneca,197660
Romania,3/9/2021,Pfizer/BioNTech,1598547
Romania,3/10/2021,Moderna,117819
Romania,3/10/2021,Oxford/AstraZeneca,204910
Romania,3/10/2021,Pfizer/BioNTech,1638693
Romania,3/11/2021,Moderna,121218
Romania,3/11/2021,Oxford/AstraZeneca,211212
Romania,3/11/2021,Pfizer/BioNTech,1678903
Romania,3/12/2021,Moderna,124766
Romania,3/12/2021,Oxford/AstraZeneca,217059
Romania,3/12/2021,Pfizer/BioNTech,1718894
Romania,3/13/2021,Moderna,128144
Romania,3/13/2021,Oxford/AstraZeneca,222922
Romania,3/13/2021,Pfizer/BioNTech,1758375
Romania,3/14/2021,Moderna,131137
Romania,3/14/2021,Oxford/AstraZeneca,228280
Romania,3/14/2021,Pfizer/BioNTech,1792723
Romania,3/15/2021,Moderna,137600
Romania,3/15/2021,Oxford/AstraZeneca,235679
Romania,3/15/2021,Pfizer/BioNTech,1828437
Romania,3/16/2021,Moderna,149732
Romania,3/16/2021,Oxford/AstraZeneca,242742
Romania,3/16/2021,Pfizer/BioNTech,1869226
Romania,3/17/2021,Moderna,158781
Romania,3/17/2021,Oxford/AstraZeneca,249300
Romania,3/17/2021,Pfizer/BioNTech,1907900
Romania,3/18/2021,Moderna,165150
Romania,3/18/2021,Oxford/AstraZeneca,256243
Romania,3/18/2021,Pfizer/BioNTech,1946513
Romania,3/19/2021,Moderna,169966
Romania,3/19/2021,Oxford/AstraZeneca,263394
Romania,3/19/2021,Pfizer/BioNTech,1984407
Romania,3/20/2021,Moderna,174732
Romania,3/20/2021,Oxford/AstraZeneca,271485
Romania,3/20/2021,Pfizer/BioNTech,2022454
Romania,3/21/2021,Moderna,179154
Romania,3/21/2021,Oxford/AstraZeneca,279325
Romania,3/21/2021,Pfizer/BioNTech,2054609
Romania,3/22/2021,Moderna,183177
Romania,3/22/2021,Oxford/AstraZeneca,286648
Romania,3/22/2021,Pfizer/BioNTech,2090459
Romania,3/23/2021,Moderna,187546
Romania,3/23/2021,Oxford/AstraZeneca,294985
Romania,3/23/2021,Pfizer/BioNTech,2135815
Romania,3/24/2021,Moderna,191868
Romania,3/24/2021,Oxford/AstraZeneca,302969
Romania,3/24/2021,Pfizer/BioNTech,2182617
Romania,3/25/2021,Moderna,196122
Romania,3/25/2021,Oxford/AstraZeneca,310485
Romania,3/25/2021,Pfizer/BioNTech,2229733
Romania,3/26/2021,Moderna,200231
Romania,3/26/2021,Oxford/AstraZeneca,318056
Romania,3/26/2021,Pfizer/BioNTech,2273184
Romania,3/27/2021,Moderna,204969
Romania,3/27/2021,Oxford/AstraZeneca,326640
Romania,3/27/2021,Pfizer/BioNTech,2318409
Romania,3/28/2021,Moderna,209212
Romania,3/28/2021,Oxford/AstraZeneca,334912
Romania,3/28/2021,Pfizer/BioNTech,2360607
Romania,3/29/2021,Moderna,213039
Romania,3/29/2021,Oxford/AstraZeneca,342263
Romania,3/29/2021,Pfizer/BioNTech,2401887
Romania,3/30/2021,Moderna,217516
Romania,3/30/2021,Oxford/AstraZeneca,349827
Romania,3/30/2021,Pfizer/BioNTech,2454264
Romania,3/31/2021,Moderna,221682
Romania,3/31/2021,Oxford/AstraZeneca,356402
Romania,3/31/2021,Pfizer/BioNTech,2501784
Romania,4/1/2021,Moderna,226033
Romania,4/1/2021,Oxford/AstraZeneca,362660
Romania,4/1/2021,Pfizer/BioNTech,2548790
Romania,4/2/2021,Moderna,230533
Romania,4/2/2021,Oxford/AstraZeneca,368974
Romania,4/2/2021,Pfizer/BioNTech,2595945
Romania,4/3/2021,Moderna,235329
Romania,4/3/2021,Oxford/AstraZeneca,374819
Romania,4/3/2021,Pfizer/BioNTech,2640729
Romania,4/4/2021,Moderna,239724
Romania,4/4/2021,Oxford/AstraZeneca,379020
Romania,4/4/2021,Pfizer/BioNTech,2680468
Romania,4/5/2021,Moderna,243667
Romania,4/5/2021,Oxford/AstraZeneca,382996
Romania,4/5/2021,Pfizer/BioNTech,2723919
Romania,4/6/2021,Moderna,248385
Romania,4/6/2021,Oxford/AstraZeneca,386430
Romania,4/6/2021,Pfizer/BioNTech,2770716
Romania,4/7/2021,Moderna,253339
Romania,4/7/2021,Oxford/AstraZeneca,389001
Romania,4/7/2021,Pfizer/BioNTech,2818530
Romania,4/8/2021,Moderna,258603
Romania,4/8/2021,Oxford/AstraZeneca,391469
Romania,4/8/2021,Pfizer/BioNTech,2867621
Romania,4/9/2021,Moderna,263626
Romania,4/9/2021,Oxford/AstraZeneca,393982
Romania,4/9/2021,Pfizer/BioNTech,2914374
Romania,4/10/2021,Moderna,271279
Romania,4/10/2021,Oxford/AstraZeneca,397094
Romania,4/10/2021,Pfizer/BioNTech,2965548
Romania,4/11/2021,Moderna,278832
Romania,4/11/2021,Oxford/AstraZeneca,399252
Romania,4/11/2021,Pfizer/BioNTech,3012825
Romania,4/12/2021,Moderna,287423
Romania,4/12/2021,Oxford/AstraZeneca,407271
Romania,4/12/2021,Pfizer/BioNTech,3059096
Romania,4/13/2021,Moderna,296167
Romania,4/13/2021,Oxford/AstraZeneca,417067
Romania,4/13/2021,Pfizer/BioNTech,3117146
Romania,4/14/2021,Moderna,305182
Romania,4/14/2021,Oxford/AstraZeneca,426913
Romania,4/14/2021,Pfizer/BioNTech,3178405
Romania,4/15/2021,Moderna,314259
Romania,4/15/2021,Oxford/AstraZeneca,436165
Romania,4/15/2021,Pfizer/BioNTech,3240132
Romania,4/16/2021,Moderna,323062
Romania,4/16/2021,Oxford/AstraZeneca,446329
Romania,4/16/2021,Pfizer/BioNTech,3300799
United States,1/12/2021,Moderna,3835859
United States,1/12/2021,Pfizer/BioNTech,5488697
United States,1/13/2021,Moderna,4249795
United States,1/13/2021,Pfizer/BioNTech,6025872
United States,1/15/2021,Moderna,5122662
United States,1/15/2021,Pfizer/BioNTech,7153268
United States,1/19/2021,Moderna,6828561
United States,1/19/2021,Pfizer/BioNTech,8874811
United States,1/20/2021,Moderna,7239750
United States,1/20/2021,Pfizer/BioNTech,9281063
United States,1/21/2021,Moderna,7724683
United States,1/21/2021,Pfizer/BioNTech,9817027
United States,1/22/2021,Moderna,8407909
United States,1/22/2021,Pfizer/BioNTech,10695066
United States,1/23/2021,Moderna,9061112
United States,1/23/2021,Pfizer/BioNTech,11471457
United States,1/24/2021,Moderna,9689497
United States,1/24/2021,Pfizer/BioNTech,12153536
United States,1/25/2021,Moderna,10084432
United States,1/25/2021,Pfizer/BioNTech,12551999
United States,1/26/2021,Moderna,10431466
United States,1/26/2021,Pfizer/BioNTech,13009981
United States,1/27/2021,Moderna,11001991
United States,1/27/2021,Pfizer/BioNTech,13550835
United States,1/28/2021,Moderna,11737592
United States,1/28/2021,Pfizer/BioNTech,14355980
United States,1/29/2021,Moderna,12619210
United States,1/29/2021,Pfizer/BioNTech,15164858
United States,1/30/2021,Moderna,13499942
United States,1/30/2021,Pfizer/BioNTech,15977015
United States,1/31/2021,Moderna,14246089
United States,1/31/2021,Pfizer/BioNTech,16775916
United States,2/1/2021,Moderna,14756609
United States,2/1/2021,Pfizer/BioNTech,17364398
United States,2/2/2021,Moderna,15006565
United States,2/2/2021,Pfizer/BioNTech,17672866
United States,2/3/2021,Moderna,15567188
United States,2/3/2021,Pfizer/BioNTech,18209204
United States,2/4/2021,Moderna,16260102
United States,2/4/2021,Pfizer/BioNTech,18841309
United States,2/5/2021,Moderna,17133644
United States,2/5/2021,Pfizer/BioNTech,19582865
United States,2/6/2021,Moderna,18336515
United States,2/6/2021,Pfizer/BioNTech,20598212
United States,2/7/2021,Moderna,19485089
United States,2/7/2021,Pfizer/BioNTech,21622193
United States,2/8/2021,Moderna,20066305
United States,2/8/2021,Pfizer/BioNTech,22247484
United States,2/9/2021,Moderna,20416765
United States,2/9/2021,Pfizer/BioNTech,22685406
United States,2/10/2021,Moderna,21189540
United States,2/10/2021,Pfizer/BioNTech,23475749
United States,2/11/2021,Moderna,22038088
United States,2/11/2021,Pfizer/BioNTech,24246868
United States,2/12/2021,Moderna,23111715
United States,2/12/2021,Pfizer/BioNTech,25192628
United States,2/13/2021,Moderna,24297615
United States,2/13/2021,Pfizer/BioNTech,26237417
United States,2/14/2021,Moderna,25505313
United States,2/14/2021,Pfizer/BioNTech,27271797
United States,2/16/2021,Moderna,26738383
United States,2/16/2021,Pfizer/BioNTech,28374410
United States,2/17/2021,Moderna,27287041
United States,2/17/2021,Pfizer/BioNTech,28886690
United States,2/18/2021,Moderna,28043413
United States,2/18/2021,Pfizer/BioNTech,29585627
United States,2/19/2021,Moderna,29044336
United States,2/19/2021,Pfizer/BioNTech,30431247
United States,2/20/2021,Moderna,29909492
United States,2/20/2021,Pfizer/BioNTech,31270062
United States,2/21/2021,Moderna,30747615
United States,2/21/2021,Pfizer/BioNTech,32232422
United States,2/22/2021,Moderna,31212925
United States,2/22/2021,Pfizer/BioNTech,32853883
United States,2/23/2021,Moderna,31569021
United States,2/23/2021,Pfizer/BioNTech,33352170
United States,2/24/2021,Moderna,32194245
United States,2/24/2021,Pfizer/BioNTech,34159027
United States,2/25/2021,Moderna,33066503
United States,2/25/2021,Pfizer/BioNTech,35095003
United States,2/26/2021,Moderna,34181226
United States,2/26/2021,Pfizer/BioNTech,36159403
United States,2/27/2021,Moderna,35422721
United States,2/27/2021,Pfizer/BioNTech,37269195
United States,2/28/2021,Moderna,36694414
United States,2/28/2021,Pfizer/BioNTech,38426567
United States,3/1/2021,Moderna,37522293
United States,3/1/2021,Pfizer/BioNTech,39262524
United States,3/2/2021,Moderna,38319678
United States,3/2/2021,Pfizer/BioNTech,40196532
United States,3/3/2021,Moderna,39248180
United States,3/3/2021,Pfizer/BioNTech,41175807
United States,3/4/2021,Moderna,40261524
United States,3/4/2021,Pfizer/BioNTech,42193285
United States,3/5/2021,Moderna,41507728
United States,3/5/2021,Pfizer/BioNTech,43373717
United States,3/6/2021,Moderna,42977312
United States,3/6/2021,Pfizer/BioNTech,44774584
United States,3/7/2021,Moderna,44195607
United States,3/7/2021,Pfizer/BioNTech,45932122
United States,3/8/2021,Johnson&Johnson,208590
United States,3/8/2021,Moderna,44936695
United States,3/8/2021,Pfizer/BioNTech,46824290
United States,3/9/2021,Johnson&Johnson,308181
United States,3/9/2021,Moderna,45635740
United States,3/9/2021,Pfizer/BioNTech,47628226
United States,3/10/2021,Johnson&Johnson,458911
United States,3/10/2021,Moderna,46535646
United States,3/10/2021,Pfizer/BioNTech,48605159
United States,3/11/2021,Johnson&Johnson,638469
United States,3/11/2021,Moderna,47733656
United States,3/11/2021,Pfizer/BioNTech,49708920
United States,3/12/2021,Johnson&Johnson,873726
United States,3/12/2021,Moderna,49169578
United States,3/12/2021,Pfizer/BioNTech,50960400
United States,3/13/2021,Johnson&Johnson,1189207
United States,3/13/2021,Moderna,51292130
United States,3/13/2021,Pfizer/BioNTech,53096054
United States,3/14/2021,Johnson&Johnson,1273958
United States,3/14/2021,Moderna,51951820
United States,3/14/2021,Pfizer/BioNTech,53708091
United States,3/15/2021,Johnson&Johnson,1428465
United States,3/15/2021,Moderna,52883263
United States,3/15/2021,Pfizer/BioNTech,54643581
United States,3/16/2021,Johnson&Johnson,1569675
United States,3/16/2021,Moderna,53647312
United States,3/16/2021,Pfizer/BioNTech,55393141
United States,3/17/2021,Johnson&Johnson,1766131
United States,3/17/2021,Moderna,54643195
United States,3/17/2021,Pfizer/BioNTech,56499018
United States,3/18/2021,Johnson&Johnson,1911052
United States,3/18/2021,Moderna,55811286
United States,3/18/2021,Pfizer/BioNTech,57876875
United States,3/19/2021,Johnson&Johnson,2025349
United States,3/19/2021,Moderna,56941640
United States,3/19/2021,Pfizer/BioNTech,59214724
United States,3/20/2021,Johnson&Johnson,2163681
United States,3/20/2021,Moderna,58294583
United States,3/20/2021,Pfizer/BioNTech,60849627
United States,3/21/2021,Johnson&Johnson,2298614
United States,3/21/2021,Moderna,59518840
United States,3/21/2021,Pfizer/BioNTech,62529418
United States,3/22/2021,Johnson&Johnson,2406337
United States,3/22/2021,Moderna,60275003
United States,3/22/2021,Pfizer/BioNTech,63693721
United States,3/23/2021,Johnson&Johnson,2489153
United States,3/23/2021,Moderna,60913292
United States,3/23/2021,Pfizer/BioNTech,64679659
United States,3/24/2021,Johnson&Johnson,2622182
United States,3/24/2021,Moderna,61719260
United States,3/24/2021,Pfizer/BioNTech,65995871
United States,3/25/2021,Johnson&Johnson,2734367
United States,3/25/2021,Moderna,62877755
United States,3/25/2021,Pfizer/BioNTech,67555076
United States,3/26/2021,Johnson&Johnson,2863246
United States,3/26/2021,Moderna,64313721
United States,3/26/2021,Pfizer/BioNTech,69368232
United States,3/27/2021,Johnson&Johnson,2982453
United States,3/27/2021,Moderna,65811340
United States,3/27/2021,Pfizer/BioNTech,71246219
United States,3/28/2021,Johnson&Johnson,3090712
United States,3/28/2021,Moderna,67249447
United States,3/28/2021,Pfizer/BioNTech,72981111
United States,3/29/2021,Johnson&Johnson,3155418
United States,3/29/2021,Moderna,68177850
United States,3/29/2021,Pfizer/BioNTech,74338025
United States,3/30/2021,Johnson&Johnson,3215657
United States,3/30/2021,Moderna,68858013
United States,3/30/2021,Pfizer/BioNTech,75386890
United States,3/31/2021,Johnson&Johnson,3307113
United States,3/31/2021,Moderna,69930956
United States,3/31/2021,Pfizer/BioNTech,76891912
United States,4/1/2021,Johnson&Johnson,3429880
United States,4/1/2021,Moderna,71338865
United States,4/1/2021,Pfizer/BioNTech,78717917
United States,4/2/2021,Johnson&Johnson,3617377
United States,4/2/2021,Moderna,72997571
United States,4/2/2021,Pfizer/BioNTech,80845236
United States,4/3/2021,Johnson&Johnson,3840647
United States,4/3/2021,Moderna,74713387
United States,4/3/2021,Pfizer/BioNTech,82986550
United States,4/4/2021,Johnson&Johnson,4054089
United States,4/4/2021,Moderna,76038933
United States,4/4/2021,Pfizer/BioNTech,84810406
United States,4/5/2021,Johnson&Johnson,4204015
United States,4/5/2021,Moderna,76791212
United States,4/5/2021,Pfizer/BioNTech,86041963
United States,4/6/2021,Johnson&Johnson,4299901
United States,4/6/2021,Moderna,77285350
United States,4/6/2021,Pfizer/BioNTech,86855993
United States,4/7/2021,Johnson&Johnson,4544552
United States,4/7/2021,Moderna,78315776
United States,4/7/2021,Pfizer/BioNTech,88463874
United States,4/8/2021,Johnson&Johnson,4917225
United States,4/8/2021,Moderna,79551820
United States,4/8/2021,Pfizer/BioNTech,90256586
United States,4/9/2021,Johnson&Johnson,5382365
United States,4/9/2021,Moderna,80944104
United States,4/9/2021,Pfizer/BioNTech,92355733
United States,4/10/2021,Johnson&Johnson,5972101
United States,4/10/2021,Moderna,82622178
United States,4/10/2021,Pfizer/BioNTech,94715143
United States,4/11/2021,Johnson&Johnson,6453740
United States,4/11/2021,Moderna,83847244
United States,4/11/2021,Pfizer/BioNTech,96586783
United States,4/12/2021,Johnson&Johnson,6859877
United States,4/12/2021,Moderna,84694388
United States,4/12/2021,Pfizer/BioNTech,97978125
United States,4/13/2021,Johnson&Johnson,7233726
United States,4/13/2021,Moderna,85435687
United States,4/13/2021,Pfizer/BioNTech,99453295
United States,4/14/2021,Johnson&Johnson,7517671
United States,4/14/2021,Moderna,86221076
United States,4/14/2021,Pfizer/BioNTech,100891617
United States,4/15/2021,Johnson&Johnson,7736781
United States,4/15/2021,Moderna,87539652
United States,4/15/2021,Pfizer/BioNTech,102877491
United States,4/16/2021,Johnson&Johnson,7848027
United States,4/16/2021,Moderna,89199649
United States,4/16/2021,Pfizer/BioNTech,105070417
United States,4/17/2021,Johnson&Johnson,7902746
United States,4/17/2021,Moderna,90718986
United States,4/17/2021,Pfizer/BioNTech,107083884
